gene,cdr1,cdr2,cdr3
TRBV1,NSQYPW,LRSPGD,CTCSA
TRBV2,LGHNA,YSYQKL,CASSQ
TRBV3,SNHLY,FYNGKV,CASSL
TRBV4,LGHDT,YNNKQL,CASS
TRBV5,LGHNA,YNLKQL,CASSQ
TRBV12-1,SGHSN,HYEKVE,CASSL
TRBV12-2,SGHLS,HYDKME,CASSL
TRBV13-1,NSHNY,SYGAGN,CASSD
TRBV13-2,NNHNN,SYGAGS,CASGD
TRBV13-3,NNHDY,SYVADS,CASSD
TRBV14,SGHDT,FRDEAV,CASSF
TRBV15,SGHND,FRSKSL,CASSL
TRBV16,SGHSA,FRNQAP,CASSL
TRBV17,MNHDT,YYDKIL,CASSR
TRBV19,FNHDT,SITEND,CASSI
TRBV20,GFQATS,STVNSAI,CGAR
TRBV23,KGHTA,FQNQQP,CSSSQ
TRBV24,KGHTA,FRNEEI,CASSL
TRBV26,KGHPV,FQNQEV,CASSL
TRBV29,MSHET,SYDVDS,CASSL
TRBV30,SQVVS,ANEGSEA,CSSR
TRBV31,GKSSPN,SITVG,CAWS