h1,h2,h3
GYIFTGYY,INPNTGVT,AKDRAWLVYDDGSDV
GFTFSSYT,ISSSSAYI,ARDGTSLTVAGPLDY
GFTVNSNY,IYSGGST,ARVLYVCGGDCSFTFDY
GYTFTGYY,INPNSGDT,AKDTTHTDCTDGGCYWENFDC
GDSITNYY,ISYSGHASGRT,AREITRGLDAYDI
GFIFSSYW,INQGGSEK,VRVGAYGDTYHDYYGMDV
GFTFDDYA,ISWNSGAI,TKSYGSGSYSDS
GFTFSNYA,ISGNGGNT,VKGQFLEWYNWFDP
GFTFRSYG,ISYDESKK,AKGVHCGSSSCYPVQFYYGVDV
GFTFRSHW,IKHDGSER,ARGSGAD
GGSIRSGIHY,IHYSENT,ARAAKESLCIGGSCDSNYEHYGLDV
GGSIRSGGYY,IHYSDNT,ARASKESLCIGGSCDSNYQHYGLDV
GFIFSDYY,ITPSSSYT,ARTENSGYDLVRV
GFTFSSFA,ISAGGGNT,AKSDSSGFQYGRREF
GFSFSSYS,ISSYSGTI,ARDDDSNDYNQDRYYYYGMDV
GDTFSYYA,ITPLFGTS,ARGPTYGSDRTFYQGMDV
GGSISPHY,IYYAGST,ARGGFPAELPPPLDP
GFTFSSYS,INKEGSEK,ARVSREEWATVDDPHDYYYMDV
GFTFSSYA,MSGRGDTM,AREEFTDTEMTITQGDFGY
GFTFSSYS,IKKEGSEK,ARVSREDWATVDEPHDYYYMDV
GFTFSTHS,IEKEGSEK,ARVSREEWATVDDPHDYYYMDV
GFTFSSYS,INKDGTEK,ARVSSEEWATVDDPHDYFYMDV
GFRFSELY,INPTRGST,ARDIDSADYRAADVFQI
GYIFSGSY,INPKTGNT,ARDFDYGDYRGSAFDI
GFTFSSYS,IEKHGGEK,ARVSREEWATVDDPHDYYYMDV
GFTFSSYS,INKEGSEN,ARVSREEWATVDDPHDYYYMDV
GYVFSDSY,INPKTGGT,ARDFDYGDYRGSAFDI
GYIFSGSY,INPKTGGT,ARDFDYGDYRGSAFDI
GFTFTDCF,INPSRGTT,ARDIDSGDYRAADVFQI
GFTFTDCF,INPSRGTT,ARDIDSGDYRAADVFQI
GFTFSSYS,MNKEGGEK,ARVSREEWATVDDPHDYYYMDV
GYTFTSYA,ISTYNGNS,AREGYDHLWGTYRFEAIDYYYTDV
GFIFNDYA,ISWNSDSI,YGSGAYQAH
GFTFSSHA,ISGDGGST,AKEWGWQVSPYGVFDV
GFTFSTYG,IWYDGSNK,ARDSEGSGWYFDY
GFTFNIYA,ISSRGDYI,ARAGLGTVDLRWGGAFDH
GDSINSGGYY,IYFTGRT,ARDRHDYGEDPFDI
GYSISSGYY,IYYSGST,ARGRGATVTTHFDY
GFTFDDYA,ISWDSGAI,ARSNGAGSYSES
GYTFTTYS,INTYTGNP,ATRGPVVLGEALAY
GASISSTNW,IYHNGST,ARERNRVYYYGMDV
GVSISMINW,IYHNGST,VAVAFRAYALFDD
GFTFSDYQ,ITSTGNAK,VRDLVWVQLPDY
GDTLTSFG,INGYNSNP,ARGASSTGTMGLRGKNDAFDI
GDSIRNYY,IYYSGRA,ARDRTGAGDKNAFDV
GYSFNTYW,IYPGDSDT,ARLGCGTTDCSPTWPYYYYGLDV
GFYFSDYG,IASSGSNI,ARSPGIAVGLIDY
GFTFTSFG,ISGSDGST,AKGLAYCSFGSCPYPLDY
GLTFSSYA,ISGTGEST,AKSATRSYYHYYYMDI
GFTFSSHA,ISGTGDSS,ARSATRSYYHYYYMDV
EFTFSDYY,ISNSGATI,ARMPRVADI
GFTFDDYA,ISWNSGSM,VTANGAGSYSVY
GFSIGDYT,IRTNAYGGTT,SRMYFYDSGGPRQFYYGMDV
GFTFDNFA,INKSGNRR,AKDRTDYIGSYVHDYFDY
GASISSSRHY,IYYSGST,ARLVLIPVVGERNIRYFDY
GYTFTGYY,INPNSGGT,ARDDYPDYEVY
GFTITPYT,ILYDGSST,ARGYGSGKSHYYFDY
GGSITNYC,IFYNGKT,ARESSGYTQKNAYDY
GFNFRDSA,ISASGDRT,AKGRYSMSRVVIILDYYYGMHV
GFSFNSYG,ISHDGSEK,AKERSLGGVWSSGWSNYYYYGMDV
GFPLSNAG,IKRKTDGGTV,TTDLDVVSWWEPPQGENY
GFIFSSNG,ISYDGSNK,AKSGRGLGYDSSGHYYYYAMDV
GGSINGYY,IYDSGSA,ARWFREALFGQDHDAFDI
GASVSRHH,VSYSGST,ARWFREVLTADESDAFDI
GFTFDDYA,VSWNSYSI,AKDLRSQSPYASMDLLEGDGMDV
GFTFAEYD,INWNGAGT,ARYRPCGGACYYFDY
GFTFRNAW,IKSKSDGGTT,TRTYGDYAPYYYAMDV
GFTFDDYT,FSWDLVTT,ARGRYYFDNTGYYPSFDS
GFTFDAYG,ISYDGNNK,AKDDGLETYYPFYSYGMDV
GFSFHHSG,INGNGRTT,ATEKGCGGDCYYFNS
GFTLDDYT,LNWDGDIE,AKGAYYSDNTGYYPYFDS
GFTFSSYG,ISGSGIST,AKGRRGPFEDGWFDT
GFTFSTYA,ISYDGSHQ,AKDSGYTINWAPGY
GFTFSDFE,ISRGGYNK,VRDHVELATDHSEFDY
GFTFGSYG,ISYDGSEK,ARVFQSYGMDV
GFTFSNYE,ISRSGYTI,ARDHVEMATDHAEFDY
GFTFSDHY,AGIKPNSYTT,TRLAYSSGWYWFDP
GFTFDDYD,INWDGGRT,ARRRSCGGACYYFDY
GYTFTDYD,ISPSSGGT,ARLRSCGGDCYYFDY
GFTFDDYA,ISGDGVDT,AKDAGIYSGGWYYFHY
RGSVSSGSYH,INYNGRT,ATPDSGYDSGMFHN
GFTFSNYW,TKQDGTDA,VRDFSDYAATPLDY
GGSLSGFY,VTHTGST,ARGPAYDNDASFMYYFDL
GFTFKTYA,INAGNGNT,ARDTVGATKAFDY
RGSVSSGSYH,INYNGRT,ATPDSGYDSGMFHN
GFYFSSYW,IKEDGSEK,AREAGGDYYLDS
GFTFSYYW,IQGEGNEK,ARGYDSTGYNLLGDVFDM
GFVFSTYE,IDGSGGTT,ARDHHGDYFFDY
GFTFDYYW,IDGDGNKA,ARGYDTTGYNSGGDAIFDL
GFIFSSYE,ISGSGSTI,ARDSFGDYFFDN
GFSFRSYG,IWYDGTNI,ARELVAVGPIDYFHGMDV
GFTFSDYY,ISFSFSLT,ARALRYCSSNSCPESYYYYYGMDV
GFTLRPYD,ISNDGSDK,AKQGYYYDSTGSKWFDP
GDSVTSSASY,IFYSGDT,ARGGLSDFVVPLDS
GFTFSSYA,ISGSGIST,AKDYSRTIPLAGFLDQ
GFTFGYYA,IRSKAYGATT,TRDPLAAGGVLFDY
GGSLSSSSYY,IYYSGST,EGGSGLDAFAI
GFTFSSFP,ISYDGSNK,SRDQGGDYGDYGGGFDY
GFTFSNYW,IDSDGSSP,AREPYFPLYFDY
GFIFNDFG,INWIGSST,ARESGDVATAMDYYYYYYLDV
GYTFNTYV,INVDNANT,ARDKGNIVGVPAAWTIGWYGMDV
GFTFDDYA,ISWNSNWNSGGI,AKEGHSDNCLDCDYFYYMDA
GFIFNDFG,INWIGSST,ARESGSDVATAMDYYYYYYLDV
GFTFDDYG,ISGDGDYT,AKDFADYSNSGHFDS
GFTFDEYA,ISWSSNSI,AKAVEPAAMDIVDYFEY
GFIFNDYG,INWIGSAT,ARESGSDVATAMDYYYYYYMDV
GFSFSNYD,IWYDGSNK,AREDNDVEGYYGMDV
QSTFSDYN,ITSSSAGT,ASRTVTSRAYDI
GFIFNDYG,INWIGSST,ARESGSDVATAMDYYYYYYMDV
GFSFTTYA,ISGSTGRT,ARFAYCSGDCYKASYYGLDV
GGSISSSSYY,IYYTGTT,ARPSSDYYSYAMDV
GFNFEDHA,ISWNRGHI,AKDIRRGCDGVNCYSYYYYYYGLDA
GFTANSNY,IYSDGSI,ARDNRREAY
GFTFDDYA,ISWDGDSA,AKDLNPGHHLGIDY
GFSFDDYA,ITYNGGST,ARDATYCGGDCYLDY
GFTFGSFA,ISAGGANI,VKYDSSGFDYARGGRE
GFTFSDYY,ISFSFSLT,ARALRYCSTNSCPESYYSYYGMDV
GFIFDTNA,ISDTGIST,AKRSTYYLDRNGPNDAFDI
GFTFSDYY,ISFSFSLT,ARALRSCSSNSCPESYYYYYGMDV
GFTFDSYW,INLDGSEK,ARAYDTTGYYNNWDIFDI
GYNFTGSW,IDPDDSYT,ARLAHGTLDY
GDSFSDYY,VYHDGST,ARGVLGELTAIHFDY
GGSIRMTTHY,ISYSGST,ARAYGVLRYFDWQPSNYYFDF
GGSISSYL,NSDSGNT,ARADYDVEGYFGMDV
GFTFNIYN,ITPNSNYI,ARALTTMTTTDS
GYTFTNYD,ITAYNGNT,ARNLAIAAAGSSRFDY
GFTFSDYD,ISDRGTKT,AKGSLRDVFDI
GFPFSGYG,IWHDESRK,ARASPYGDYYSIDDV
GFSLSSYG,IWYDGSKK,ARASPYGDYYAIEDV
GFRFDDYA,ISWNSYSR,AKDTKSQSPYASMDLLEGDGMDV
GFTFSTYS,ISDSTGTV,ARGGTRYYYGSGSHMDV
GFTFSSYT,IFTXSRYI,ARDRGSTTADY
GFTFDDYA,ISGDGRMT,VKDHWTDN
GFIFSNFP,FGDSATKT,AKGSAKFKSQQFLARSGYTQRSHFDF
GFSFNSNG,ISHDGSHK,AKDLTLRFFDWPNYYGMDV
GFTFSSYE,ITSSGNTI,AREKERYPTFDS
GFTFSSYT,IFXXSRYI,ARDRGSTTADY
GGSIRSYY,MSYSGNA,GRQFYDSHYYYYYNMDV
GFIFSNYE,ISSGGRDI,ARGSSSSWHGGLWAHWFDP
GFIFGDYA,IGSKTHGGTT,ARDPGGFYDSYGFYYLGAFDI
GFTFGNYA,VTGSATRI,AKEPHSGSWYPYFDY
GFIFRDYW,IKQDGSEI,VQLRMY
GFTFSNYN,ISLSSSFI,ARGGSGGHNYYYALDV
GFTVDSHD,LTSTGDT,ARNYYNRDLGYDGMDV
GFTFSSYA,ISDSGYST,AKDGISRQVWLQGTFDS
GLTFSNVW,IKSNTDGGAT,AAEDFGDYYFDY
GFTFSDYN,INGRSRYI,ARHRPGGDYYYYGMDV
GYNFTNYW,IDPSDSYT,ARLLYGSVDF
GYSISNGYY,IYHSGST,TRIYMVRDLEIYYFDS
GLIFTKSG,IWYDGSKK,AKDWGLKAFDV
GFTFSSSW,IKQDGSEK,ARDPFVGRYGAFDI
EFTFSNYA,ISNDGGKR,AREYYDTLTGPVDYDYGMDV
GFNFGDYA,IRNLAYGEST,TRERVDLDAFDM
GFTFNAYG,ISFDGTNK,AKEYAIRYADAFDF
GFSFSDYY,IDSRSTYR,AAGAGSYSYHGLDV
GFSFSDYY,IDSRSTYR,AAGSGSYSYHGLDV
GFTLSDYY,INTKSSYR,AAGSGTYDYYGLDV
GFTFSDYY,IDSRSTYR,AAGSGSYNYHGLDV
GGSISNYY,IYDDSGST,ARGGVDPYTSSWYYFDY
GFAFDDYA,CSWNCGTK,AKGYGSGNSYPLAPTLDY
GFSFDDYA,CSWNSATK,AKGYGSGNHYPLAPTLDY
GFSFDDYA,CSWNSATK,AKGYGSGNHYPLAPTLDY
GFSFDDYA,LSWNSGTI,AKGYGSGSSYPLAPMLDY
GFNFDDYA,LSWNSGSI,AKGYGSGSSYPLAPTLDY
GFTFDDYA,CSWNSGTK,AKGYGSGNSYPLAPTLDY
GFTFDDYA,CTWNSATK,AKGYGSGNSYPLAPTLDY
GFTFSNYG,ISYGGSET,AKTTVTTDFYYYYGMDV
GFIFNDYG,INWIGSAT,ARESGSDVATAMDYYYYYYMDV
GFSFDDYA,CSWNSATK,AKGYGSGNHYHLAPTLDY
GFTFDDYA,CSWNSGTK,AKGYGSGNYYPLAPTLDY
GFTFDDYA,ISWNSGII,AKGYGSGNYYPLAPTLDY
GGSVSSSSYH,IYYTGTT,ARLYNYAYGDP
GFTFSSYG,ISYVGSDK,AKATVTTDFSYYYGMDV
GFSFDDYA,CSWNSATK,AKGYGSGNHYPLAPTLDY
GGSIRSYY,IYYTGST,AGRSATVLADSDY
GGSIRSYY,IYYTGST,AGRSATVLADSDY
GGSISGYH,INYSGST,VRHEWAPRGLDAFDF
GGSITRSGFY,LQSGWGT,ARLAGAATSIEDITHYNHYGMDV
GGSISSTEYY,IYYSGGT,ARDRKPAMECIGSGCSFVRLGFDP
GGSFSGYY,ITHSGGT,ARGPAYDSNAYFLYYFDY
GFTFRNYE,ISSSGSTL,ARGNQEGVGELSSQGVFDN
NYSLTSGYY,VFHTGTS,ASRWASTKYFNF
GFSFSYYW,IKPDGHEK,AREGLGDYYESNYYFDY
GYSISSAYY,IYHSGST,ARIYMVRDLEIYYFDS
GGSFSGYY,ITHSGGT,ARGPAYDSNAYFLYYFDY
