DIP,Sequence
DIPalpha,YRVGWLKADTKAIQAIHENVITHNPR-----SEEDRGGYMCQLNTDPMKSQI
DIPbeta,HRVAWIKADAKAILAIHEHVITNNDR-----KMEDAGKYMCQVNTDPMKMQT
DIPgamma,NKVGWLRASDQTVLALQGRVVTHNAR-----RESDRGCYMCQINTSPMKKQV
DIPdelta,YKVAWIHIDRQMILTIHRHVISRIPR-----HQDDRGYYMCQVNTNPMISQV
DIPepsilon,YKVAWMHFEQSAILTVHNHVITRNPR-----QEEDRGRYMCQINTVTAKTQY
DIPzeta,YKVAWMHFEQSAILTVHNHVITRNPR-----HEEDRGRYMCQINTVTAKTQF
DIPeta,YKVAWLRVDTQTILTIQNHVITKNQR-----KESDKGWYMCQINTDPMKSQM
DIPtheta,YKIAWLRVDTQTILTIQNHVITKNHR-----KESDKGWYMCQINTDPMKSQV
DIPiota,FKVAWLRVDTQTILSIQNHVITKNHR-----QESDRGWYMCQINTDPMKSQM
DIPlambda,YRVAWIKSDSKAILGIHTHMVSLNPR-----QINDSGSYMCQVNTDPMKSLS
DIPkappa,YKVAWVRVDTQTILSIHHNVISQNSR-----EETDRGWYMCQVNTDPMRSRK