Dpr,Sequence
Dpr1,DKDVSWIRKRDLHILTAGGTTYTSD-----QINTEPKMSLSYTFNVVEL
Dpr2,DKSVSWIRKRDLHILTAGILTYTSD-----QVNTEPKISMAFRLNVIVT
Dpr3,DKSVSWIRKRDLHILTVGTATYTSD-----QVNTEPKMSMAFQLNIIEI
Dpr4,DRAVSWIRKRDLHILTVGILTYTND-----QVSTEPKISQGFRLNVVVS
Dpr5,DRAVSWIRQRDLHILTIGIMTYTND-----QVSTEPKISLAYKLVVVTS
Dpr6,NKTVSWIRHRDIHILTVGSYTYTSD-----QISTQPVRSYFVRLNVVVP
Dpr7,NRTVSWMRKRDLHILTTNIYTYTGD-----QVNTEPKINLAICLQVIAD
Dpr8,NRTVSWVRHRDIHLLTVGRYTYTSD-----QISTTPPIGHSVYLNIVEP
Dpr9,NKQVSWVRHRDIHLLTVGRYTYTSD-----QVSTTPHMSHYIHLNVVEP
Dpr10,NKTVAWIRHRDLHILTVGTYTYTTD-----QISTQPVRSYSVNLNIVVP
Dpr11,NKSVSWIRLRDGHILTVDRAVFIAD-----QVSTEPKVSARVQLQVVVP
Dpr12,RVQISWIRRRDWHILSSGAQLYTND-----QVSTPTIISHFVNLQVVVP
Dpr13,EGVVSWIRKKDYHLLTVGLTTYSSD-----QVSTHPPTSIFLHLSVVEA
Dpr14,GKTVSWMRRRDLTLITFGQHTYSGD-----QVSSHPPLVLLVYLTIIVP
Dpr15,KKPISWLRMRDGHILTVDQTTFIAD-----QVSTEPKASAIVHLRIVEP
Dpr16,GKPLSWVRLRDEHIIAVDHTTFIND-----QLATEPKMSAKVQLFVITP
Dpr17,DKPVSWVRMRDNHIISVDETTFIAD-----QMATEPKLSAKVHLQIVKP
Dpr18,DKTVMWVRRTKVSLLTVGNVTYSGD-----QVSTHPPRVFTTNLTVLEP
Dpr19,PATVSWIRRKDFQLLTVGLSTHSSD-----QLSIYPTQSIVIELKIVEA
Dpr20,DKTVSWVRHNALDLLTVGMHTYTGD-----QISTHPPRVIQINLHVNAP
Dpr21,NKTVSWIRHRDLHLLTVSESTYTSD-----QVSTTPPVGYTMVFSVVEP