,cdr3_a_aa,cdr3_b_aa
0,CAVSLDSNYQLIW,CASSDFDWGGDAETLYF
1,CALGDRATGGNNKLTF,CASSPDRGEVFF
2,CALGSNTGYQNFYF,CASTGGGAPLF
3,CALAPSNTNKVVF,CASSQDPGDYEQYF
4,CALVPSNTNKVVF,CASSLGGENTLYF
5,CALGKNYNQGKLIF,CASDRAGEQYF
6,CILRVGATGGNNKLTL,CASSLDRGEVFF
7,CALVPSNTNKVVF,CASSLSGYEQYF
8,CALSDRSNYQLIW,CASDGGERLFF
9,CALSASNTNKVVF,CASSMGAEQFF
10,CAMIRSGGSNAKLTF,CASSGLGGQAEQFF
11,CAVTITGNTGKLIF,CASSQEDSDTGQLYF
12,CAGDRGSALGRLHF,CASSQDFEQYF
13,CSASKDTNTGKLTF,CASSIARWDSYEQYF
14,CAASKGSNNRIFF,CASSWGSEVFF
15,CVLSALDQGGSAKLIF,CAWSLSFNQDTQYF
16,CALGGGSNYQLIW,CASSLGGEVFF
17,CVLSARAEGADRLTF,CASSQAGDSYEQYF
18,CAVSVRNYAQGLTF,CASTDSNERLFF
19,CAASGGTTASLGKLQF,CTCSADENTLYF
20,CALERDNNAPRF,CASSLSGYEQYF
21,CAASRGSNNRIFF,CASSIGGEVFF
22,CALVPSNTNKVVF,CASSFWGALVQNTLYF
23,CVLRRSNYNVLYF,CASYGTGQNTLYF
24,CALSGSNTNKVVF,CASAGGDEQYF
25,CILVGGSNYKLTF,CASSSGREVFF
26,CALSASSGSWQLIF,CASSIARWDSYEQYF
27,CALSRTGGYKVVF,CASSWGDEQYF
28,CILRVGATGGNNKLTF,CASSLDRGEVFF
29,CALGEGSNYQLIW,CASSSYEQYF
30,CALGAGSGNKLIF,CASSWDRGEVFF
31,CVLSALDQGGSAKLIF,CAWSLSFNQDTQYF
32,CALVGGSNYKLTF,CASSPTGEVFF
33,CALIGGSNYKLTF,CASTDTGQLYF
34,CALSRTNAYKVIF,CASSLTDEQYF
35,CAMRGNSGTYQRF,CASSGGPNTGQLYF
36,CAMRQNSGTYQRF,CASSGGANTGQLYF
37,CAMRGNSGTYQRF,CASSGKQNTSQFTF
38,CAMRGNSGTYQRF,CASSLKQGRSDYTF
39,CAASENYNQGKLIF,CASSWDRNTGQLYF
40,CALIMNYNQGKLIF,CASSGTGGYTEVFF
41,CALWELDSNYQLIW,CASSAGTTEVFF
42,CAASENYNQGKLIF,CASSVDRFNQDTQYF
43,CALVMNYNQGKLIF,CASGEANTEVFF
44,CAASASSSFSKLVF,CASSLTGKDTQYF
45,CALGEGYNQGKLIF,CASSPRTGGANQDTQYF
46,CAASDDYNQGKLIF,CASSFDRGDTQYF
47,CALRENYNQGKLIF,CASSGGSAETLYF
48,CALGEGYNQGKLIF,CASSAGTTEVFF
49,CALGEGYNQGKLIF,CASRTDNNQAPLF
50,CAAKRPSSFSKLVF,CASSLTGDAEQFF
51,CALIPNYNQGKLIF,CASGDRGDTEVFF
52,CAFFMNYNQGKLIF,CASSAGTTEVFF
53,CALWELSAYKVIF,CTCSAGTGGYNYAEQFF
54,CALAGTGGYKVVF,CASSAGTGGYNYAEQFF
55,CAVSSYGSSGNKLIF,CTCSAGTGGFNYAEQFF
56,CAMSNSGTYQRF,CASGGNYAEQFF
57,CALSEGTGGYKVVF,CASSPGTGGYNYAEQFF
58,CAASWATGGNNKLTF,CTCSAGTGGYNYAEQFF
59,CAASDYGSSGNKLIF,CATGTGSSAETLYF
60,CALGDGTGGYKVVF,CASSGGTGGFNYAEQFF
61,CALSYYGSSGNKLIF,CTCSDGTGGYNYAEQFF
62,CAMSFYGSSGNKLIF,CTCSPGTGGVNYAEQFF
63,CALSLYGSSGNKLIF,CTCSAGTGGYNYAEQFF
64,CAMSGYGSSGNKLIF,CTCSAGTGGYNYAEQFF
65,CAMARNNYAQGLTF,CASSGGTGGFNYAEQFF
66,CAASGSGGYKVVF,CASSPGTGGYNYAEQFF
67,CALSLRNSNNRIFF,CSSSQSSAETLYF
68,CAVSDNYAQGLTF,CASSLPDSQNTLYF
69,CAVSSNYNVLYF,CASSGQSNERLFF
70,CAVSANTGKLTF,CASSFPDSAETLYF
71,CAVSGNYAQGLTF,CASSQDSAETLYF
72,CAVRSGTGGYKVVF,CASKGRTSAETLYF
73,CAVTNNYAQGLTF,CASSPDSAETLYF
74,CAVSVNYAQGLTF,CASSPDSAETLYF
75,CAVSSNYAQGLTF,CAWTHLSNERLFF
76,CATEYSNNRIFF,CASSEMGGVSEQYF
77,CAVSSSSSFSKLVF,CASSQDTFEQYF
78,CAVSSNYQLIW,CASRYNERLFF
79,CAVTSNYNVLYF,CASSFSSAETLYF
80,CAVSVNYAQGLTF,CASTSDSAETLYF
81,CAVSQNNYAQGLTF,CASSGDSAETLYF
82,CAVSGNYAQGLTF,CASSQDSAETLYF
83,CAVSGNYAQGLTF,CASSQDSAETLYF
84,CAVSGNYAQGLTF,CASSYSSNERLFF
85,CAVSSNYQLIW,CSSKGGSAETLYF
86,CAVASSGSWQLIF,CAHTGGSSAETLYF
87,CAVSGNYAQGLTF,CASSDDSAETLYF
88,CAGRATSSGQKLVF,CASRYNERLFF
89,CALEYNTGNYKYVF,CASSFLDSAETLYF
90,CAVSMRYNQGKLIF,CASSEGRGGSDYTF
91,CALGVDTNAYKVIF,CASSSPAEQYF
92,CAVSSNYQLIW,CASSSRQGGSAETLYF
93,CAVSANYAQGLTF,CASGGRDSAETLYF
94,CAVSHNYQLIW,CASSGDSNERLFF
95,CATDSSSGSWQLIF,CASSLGVNERLFF
96,CAVSADNYAQGCPP,CASSPDSAETLYF
97,CAVSDNYAQGLTF,CASSGGTGASAETLYF
98,CAVSNNYAQGLTF,CASSQDSAETLYF
99,CAVSDNYAQGLTF,CASSFRDSAETLYF
100,CAVSENYAQGLTF,CAIQTGSAETLYF
101,CAVSYASSGSWQLIF,CASSSRGSNTEVFF
102,CAVNSNYQLIW,CAWSGDSAETLYF
103,CAVSPSGSWQLIF,CASGDLREEDTQYF
104,CAVSSNYNVLYF,CASSGTSAETLYF
105,CAAVNTGNYKYVF,CASTKSNTEVFF
106,CAVSADNYAQGLTF,CASSWDSAETLYF
107,CAVSENYAQGLTF,CASSHDSAETLYF
108,CAVSGNYAQGLTF,CASGGDSSAETLYF
109,CAVSNNYAQGLTF,CASSPDSAETLYF
110,CAVSSNYQLIW,CASSPGQEQYF
111,CAVSANYAQGLTF,CASSPDSAETLYF
112,CAVSGNMGYKLTF,CASSGESAETLYF
113,CILRVGATGGNNKLTF,CASSLDRAEVFF
114,CALGDRRTGNYKYVF,CASSLDRGEQYF
115,CALSRTGGYKVVF,CASSWGDEQYF
116,CALSRSNTNKVVF,CASSTGDEQYF
117,CAVSAGGNYKYVF,CASTQGGAPLF
118,CAVSANYAQGLTF,CASGGSSAETLYF
119,CAVNHNYAQGLTF,CASSPPDSAETLYF
120,CAVSHNYAQGLTF,CASSLPDSAETLYF
121,CAVSANYAQGLTF,CASRGQTSAETLYF
122,CAVSDNYAQGLTF,CTCSGLDSAETLYF
123,CATDADNNNAPRF,CASSSNSDYTF
124,CAVSNNYAQGLTF,CASGGESAETLYF
125,CAVSGNYAQGLTF,CASSLPDSQDTQYF
126,CAVGNNYAQGLTF,CASSRDSAETLYF
127,CAASARNSNNRIFF,CASSLDQGEGNTLYF
128,CAVSANYAQGLTF,CASGEDSAETLYF
129,CAVSANSNNRIFF,CASSGESAETLYF
130,CALFYGSSGNKLIF,CASSFDSYEQYF
131,CAVSGNYQLIW,CASGGGSNERLFF
132,CAVSSNYQLIW,CASSFTSSAETLYF
133,CALISTASLGKLQF,CGARDHRGSQYF
134,CVLSASSNNRIFF,CASSLARDEQYF
135,CAVSNTGYQNFYF,CASGQDRRNSYNSPLYF
136,CAVSFASSGSWQLIF,CASSQDRRNSYNSPLYF
137,CAMREGRAQGLTF,CASSGGANTGQLYF
138,CAAMNYGSSGNKLIF,CASSQDRRNSYNSPLYF
139,CATKTTASLGKLQF,CASSYQGDYAEQFF
140,CAITGNTGKLIF,CASSRLGTSAETLYF
141,CASPGTQVVGQLTF,CASSRTGDYAEQFF
142,CAATGANTGKLTF,CASSELGSSAETLYF
143,CAVSSNTGYQNFYF,CASIPGQANTEVFF
144,CATPGTQVVGQLTF,CASSLVLGDAETLYF
145,CALSDPSNMGYKLTF,CASSLRGDNSPLYF
146,CAVRDRNYAQGLTF,CASSLELGDYAEQFF
147,CAATGGNTGKLIF,CASSSMGGSAETLYF
148,CATDAATQVVGQLTF,CASSLTSNSDYTF
149,CAARSGGSSGNKLIF,CASSLLGDSYEQYF
150,CAASNTNTGKLTF,CASSGLGSSAETLYF
151,CAATGGNNKLTF,CASSRLGTSAETLYF
152,CAALTGNTGKLIF,CASSGLGSSAETLYF
153,CATPTQVVGQLTF,CASSPSNQDTQYF
154,CAVYGNEKITF,CASSQNYAEQFF
155,CATETQVVGQLTF,CASSLGSQNTLYF
156,CALGDWDSGGSNYKLTF,CASSIRDWGEEQYF
157,CAASMDYANKMIF,CASGGDWGGSYEQYF
158,CAVSGNYQLIW,CASSWDSNERLFF
159,CAVSGNYAQGLTF,CASGEDSAETLYF
160,CAVSHNYAQGLTF,CASSGTSNERLFF
161,CAVSGNYAQGLTF,CASSGDSAETLYF
162,CAVSRNYAQGLTF,CASSGDSAETLYF
163,CAVGNNYAQGLTF,CASSRDSAETLYF
164,CAVSANSAGNKLTF,CASSEPDSAETLYF
165,CAVSGNYAQGLTF,CGARDGWDSAETLYF
166,CAVSANYAQGLTF,CASSGQDSAETLYF
167,CAVSGNYAQGLTF,CAWTGSSAETLYF
168,CAVSDNNRIFF,CTCSGRDSAETLYF
169,CAVSANNYAQGLTF,CASRGTDSAETLYF
170,CAVSGNYAQGLTF,CASSRDSAETLYF
171,CAVSDNYAQGLTF,CASAGTSAETLYF
172,CAVSNNYAQGLTF,CASSVDSAETLYF
173,CAASSSGSWQLIF,CASSDARGEHERLFF
174,CAVNSNYQLIW,CASSWESAETLYF
175,CAVSANYAQGLTF,CASGGSSAETLYF
176,CAVSNNYAQGLTF,CASSGESAETLYF
177,CAVSSNYAQGLTF,CTCSGDSSAETLYF
178,CAASMRTGNYKYVF,CASSQDRRNSYNSPLYF
179,CAMRISGGSNAKLTF,CASSGGSNTGQLYF
180,CALQQGTGSKLSF,CASSFVLNNQAPLF
181,CAYNVGDNSKLIW,CASSDHRNTEVFF
182,CAASDSNNRIFF,CASRDFSQNTLYF
183,CALSSNTNKVVF,CASSRDQAGYAEQFF
184,CATGYGSSGNKLIF,CASRDWESSYEQYF
185,CAMRDPNGSSGNKLIF,CASKAGGSTGQLYF
186,CALGGGSNAKLTF,CASSLTAISNERLFF
187,CAATILASSSFSKLVF,CASSQDRRNSYNSPLYF
188,CGTGYGSSGNKFIF,CASRDWESSYEQYF
189,CAASIRASGSWQLIF,CASSQDRRNSYNSPLYF
190,CAVNPGYQNFYF,CASSQDRRNSYNSPLYF
191,CALGDRPASLGKLQF,CASSPWGGADQNTLYF
192,CAMSLTGNTGKLIF,CASGEDWGKDTQYF
193,CAASQGDNRIFF,CASSRDWGDAEQFF
194,CAARGKNYNQGKLIF,CASSDHRNTEVFF
195,CAMREGKGGGSNYKLTF,CASSQDLGGRYEQYF
196,CGTGYGSSGNKLIF,CASRDWESSYEQYF
197,CALVNNNNAPRF,CASSQGLGGRGEQYF
198,CAARGKNYNQGKLIF,CLSIQDRRVSYNSPLYF
199,CAMRSSGGSNAKLTF,CASSGGSNTGQLYF
200,CAVSGNYAQGLTF,CASSGDSSAETLYF
201,CAVSTNYAQGLTF,CASSRDSAETLYF
202,CAVSANYAQGLTF,CASSYSSAETLYF
203,CAVSTNAYKVIF,CASSGDSAETLYF
204,CAVSSNYAQGLTF,CASSSDSAETLYF
205,CAVSDNYQLIW,CASSLDSAETLYF
206,CALSGSSGNKLIF,CASSQEDWGSAETLYF
207,CIVTDDNYAQGLTF,CASSGGQGNYAEQFF
208,CAASSNTGYQNFYF,CASSTRGAEQFF
209,CAVSNNYAQGLTF,CASSDSSAETLYF
210,CAVSANNYAQGLTF,CASTGDSAETLYF
211,CAVSLNYAQGLTF,CASSGDSAETLYF
212,CAVSGNYAQGLTF,CASSQDSAETLYF
213,CAVSGNYAQGLTF,CASSSDSAETLYF
214,CAVSANYAQGLTF,CASSYSSAETLYF
215,CAVSDNYAQGLTF,CASNPVDSAETLYF
216,CAVSVNYAQGLTF,CASSPDSAETLYF
217,CALWGSNYNVLYF,CASTGTSNERLFF
218,CAVSGNYAQGLTF,CASSGDSNERLFF
219,CAVSANAGAKLTF,CASSWDSAETLYF
220,CAVSDNYAQGLTF,CSSSRDSAETLYF
221,CAVSANNYAQGLTF,CASGGTDSAETLYF
222,CAVSGNYAQGLTF,CASSRDSAETLYF
223,CAVTHNYAQGLTF,CASSTDSAETLYF
224,CAVSSNYNVLYF,CASSGDSNERLFF
225,CAVSGNYAQGLTF,CASSFRDSAETLYF
226,CAVSGNYAQGLTF,CASSNDSAETLYF
227,CAASSNYNVLYF,CASSGHSAETLYF
228,CAVSDNYAQGLTF,CASSSPTDSAETLYF
229,CAVTSNYNVLYF,CASSHDSAETLYF
230,CAVRNNNNAPRF,CASSRDSAETLYF
231,CAANSNYQLIW,CASSWDSAETLYF
232,CAVSANNYAQGLTF,CASRTTSAETLYF
233,CAVSSNYAQGLTF,CASSRDSAETLYF
234,CAVTYNYAQGLTF,CASSGDSAETLYF
235,CAVSSNYAQGLTF,CASSLPDSQDTQYF
236,CAVSDNYAQGLTF,CASSGDSAETLYF
237,CAVSNNYAQGLTF,CASSQDSAETLYF
238,CALSPINTGNYKYVF,CASSLPDSQDTQYF
239,CAVSSNYAQGLTF,CASRGTDSAETLYF
240,CAVSNNNNAPRF,CASSGNSAETLYF
241,CAVSGNYAQGLTF,CASSQDSAETLYF
242,CAVSANYAQGLTF,CASRGQDSAETLYF
243,CAVSGNYAQGLTF,CASSRDSAETLYF
244,CAVSGNYAQGLTF,CASSSDSAETLYF
245,CAVSSNYAQGLTF,CASPPTGGSSAETLYF
246,CAVSGNYAQGLTF,CASSRDSAETLYF
247,CAVSDNYAQGLTF,CASSRDSAETLYF
248,CAVTPNYAQGLTF,CASSRDSAETLYF
249,CAVSNNYAQGLTF,CASGRDSAETLYF
250,CAVSNNYAQGLTF,CASSPDSAETLYF
251,CATDEGTGSNRLTF,CASSSTSAETLYF
252,CAVSSNYAQGLTF,CASSLVDSAETLYF
253,CAVSSNNRIFF,CASGGADSAETLYF
254,CAVSSNYNVLYF,CACSGADSAETLYF
255,CVVGRNNYAQGLTF,CASSADSAETLYF
256,CAVSANYAQGLTF,CASGGRDSAETLYF
257,CAASSNTNKVVF,CASSPPDSAETLYF
258,CAVSSNYAQGLTF,CASPGTSAETLYF
259,CAVTSNYAQGLTF,CASSRDSAETLYF
260,CAVSYNYAQGLTF,CASSGDSAETLYF
261,CAVSIRAGNYKYVF,CASSSNSAETLYF
262,CAVSANYNVLYF,CASSRDSAETLYF
263,CAVSANYAQGLTF,CASGGQESAETLYF
264,CAVNNNYAQGLTF,CASSIDSAETLYF
265,CAVSANYAQGLTF,CAWSLGDSAETLYF
266,CAVSGNYAQGLTF,CASGDDSAETLYF
267,CAVSGNYAQGLTF,CASRGGESAETLYF
268,CAASNNYAQGLTF,CTCSGDSAETLYF
269,CAVSGNSNNRLTL,CASSGDSAETLYF
270,CAVSANYAQGLTF,CASGDDSAETLYF
271,CAVSGNYAQGLTF,CASSSGSAETLYF
272,CAVSRNYQLIW,CASGGVDSSETLYF
273,CAVSLNYAQGLTF,CASSGDSAETLYF
274,CAVSSNYQLIW,CASGGEVSNERLFF
275,CAVSDNYAQGLTF,CALGTGKSAETLYF
276,CVLSESSNTNKVVF,CASSPLLGGQDTQYF
277,CAVSLNYAQGLTF,CASGGDSAETLYF
278,CVLSESSNTNKVVF,CASSLSQNTEVFF
279,CAVSNNYAQGLTF,CASSRDSAETLYF
280,CAVSSNYNVLYF,CACYGADGAETLYF
281,CAVSHNYAQGLTF,CASSPDSAETLYF
282,CARGYGSSGNKLIF,CASSDHRNTEVFF
283,CAVRAYGSSGNKLIF,CASSSPRDSAETLYF
284,CAVRAYGSSGNKLIF,CASSATSAETLYF
285,CAMRISGGSNAKLTF,CASSMDSAETLYF
286,CAMREKGNSGTYQRF,CAGTGGAEQYF
287,CAVRAYGSSGNKLIF,CASSGGSNTGQLYF
288,CAMREKGNSGTYQRF,CASGGDSSAETLYF
289,CAVRAYGSSGNKLIF,CASSIGSEQYF
290,CAMREKGNSGTYQRF,CASGGDSAETLYF
291,CARGYGSSGNKLIF,CASGGTDSAETLYF
292,CAMRISGGSNAKLTF,CASSDHRNTEVFF
293,CAVRAYGSSGNKLIF,CASSSDSAETLYF
294,CAEGDTNTGKLTF,CASSSGQDNYAEQFF
295,CAASDERSIGGYKVVF,CASRTGATGQLYF
296,CAASEGGYKLTF,CASRPDISYNSPLYF
297,CAARPSNYNVLYF,CAIGSNQDTQYF
298,CASPGGDYANKMIF,CASSIGQDEQYF
299,CAGQGGRALIF,CASSLFQIQDTQYF
300,CATDMDSNYQLIW,CASSMGANERLFF
301,CATDTGNYKYVF,CASSPGDYAEQFF
302,CAASDGTGNYKYVF,CASSPGTTYEQYF
303,CATETQVVGQLTF,CASSLSGNSDYTF
304,CAMRDNTGANTGKLTF,CASSRRERNSPLYF
305,CATDARTQVVGQLTF,CASSLGSQNTLYF
306,CAVTGNTGKLIF,CASSRLGSSAETLYF
307,CAMREDDTNAYKVIF,CASSWRTDYAEQFF
308,CAASATNTGKLTF,CASSGLGGSAETLYF
309,CAAGESSSFSKLVF,CASSRFANTEVFF
310,CALSDRDTNTGKLTF,CASSYRGDYAEQFF
311,CATDAQVVGQLTF,CASSPSTGREQYF
312,CAGTGGNNKLTF,CASSPLGSSAETLYF
313,CAGTGGNNKLTF,CASSRLGTSAETLYF
314,CALSGTGGNNKLTF,CASSRNWGEKDTQYF
315,CATETQVVGQLTF,CASSAGGENTLYF
316,CAVITGNTGKLIF,CASSGLGTSAETLYF
317,CATEAQVVGQLTF,CASSRQNSDYTF
318,CAASGTNTGKLTF,CASSSLGSSAETLYF
319,CATSRYKSSDNKLIF,CTCSAGTGGYNYAEQFF
320,CAASRYGSSGNKLIF,CSSSQSARGRGQNTLYF
321,CAATLATGGNNKLTF,CASSPGTGGYNYAEQFF
322,CAASRYGSSGNKLIF,CTCSAGTGGYNYAEQFF
323,CAAANYGSSGNKLIF,CTCSTGTGGYNYAEQFF
324,CVLGEGTGGYKVVF,CASRQTFNQDTQYF
325,CAVSPDYSNNRLTL,CASSEGGWEQYF
326,CAAGQGGSAKLIF,CTCSGGTGGYNYAEQFF
327,CAVSPATGGNNKLTF,CTCSADYRNSYNSPLYF
328,CAVSMPGYQNFYF,CASSLGLGSAETLYF
329,CAAGQGGSAKLIF,CTCSGGTGGYNYAEQFF
330,CAVSLTASLGKLQF,CASSPRDSAETLYF
331,CAMRDHAGYQNFYF,CASSPRLGAYAEQFF
332,CAVSDVGNEKITF,CASSGQGAPNSDYTF
333,CALSEGNYAQGLTF,CASSPRDSAETLYF
334,CAMSDGTGGYKVVF,CASSSGTGGYNYAEQFF
335,CAVSGNYQLIW,CASTPDRGQDTQYF
336,CALSMMGGSNAKLTF,CASRVNTGQLYF
337,CAMREGERATGGNNKLTF,CASSGRDSNSDYTF
338,CAVSANYAQGLTF,CANSFDSAETLYF
339,CALGEDNTNKVVF,CTCSAGTGGYNYAEQFF
340,CALTEGADRLTF,CASSGRDSNSDYTF
341,CAVTEGADRLTF,CASSGLNSDYTF
342,CIVTEAHRGSALGRLHF,CASSDAREDTQYF
343,CALSEGNYAQGLTF,CASSEGGPYEQYF
344,CALTEGADRLTF,CASSDARGGGNSDYTF
345,CAVSANYAQGLTF,CASRMESSAETLYF
346,CAVSITASLGKLQF,CASSLTENQAPLF
347,CAVSNNYAQGLTF,CASSHDSAETLYF
348,CAAHDSGYNKLTF,CASSDDRVTNQAPLF
349,CAASDYGSSGNKLIF,CTCSAGTGGYNYAEQFF
350,CALSDGTGGYKVVF,CASSAGTGGYNYAEQFF
351,CAMSEGTGGYKVVF,CASSAGTGGYNYAEQFF
352,CALTNYGSSGNKLIF,CTCSAGTGGFNYAEQFF
353,CALSHYGSSGNKLIF,CTCSAGTGGYNYAEQFF
354,CAMSDGAGGYKVVF,CASSLATGGYNYAEQFF
355,CAASRAGGYKVVF,CASSRDNWSDYTF
356,CILRVARQGTGSKLSF,CTCSAGTGGYNYAEQFF
357,CALGGSSGSWQLIF,CTCSAGTGGFNYAEQFF
358,CAASESGSWQLIF,CASRDNNQDTQYF
359,CAASNYGSSGNKLIF,CTCSAGTGGYNYAEQFF
360,CALGGGSNYKLTF,CASSGGGEQYF
361,CAASRGSNNRIFF,CASAEGGEQYF
362,CAVAPGSNYQLIW,CASSWGDTLYF
363,CALGGGATGGNNKLTF,CASTPDRGEVFF
364,CALVPSNTNKVVF,CASSQAEVFF
365,CALGGGSNYKLTF,CASSLGDEQYF
366,CAASRGSNNRIFF,CASSIGGEVFF
367,CAASKGSNNRIFF,CASSIGGEQYF
368,CAASSGSWQLIF,CASSPTGGDQNTLYF
369,CALGGGSNYKLTF,CASSQGERLFF
370,CALTGPSNTNKVVF,CASSWATEVFF
371,CALGRGMGYKLTF,CASSLGDGLFF
372,CVLSAWGGRALIF,CASSREEANTGQLYF
373,CALIQSSGSWQLIF,CASSFGGEVFF
374,CALDGNNAGAKLTF,CASGDPDRGNQDTQYF
375,CALARSSGSWQLIF,CASSPDWGAF
376,CAFFASSGSWQLIF,CASSFGKRLFF
377,CILRVGATGGNNKLTF,CASSLDRGEVFF
378,CAASRGSNNRIFF,CASSFGDEQYF
379,CAASTAYSNNRLTL,CASSDGGGYNYAEQFF
380,CAVSAPGGYKVVF,CGDGTGGNTLYF
381,CALSNTGNYKYVF,CASSFGGQQYF
382,CALSYTGNYKYVF,CASSQEGGGDSDYTF
383,CVLSAPMSNYNVLYF,CASSIAGAQDTQYF
384,CAMREGSGGSNHKLTF,CASSLTPEEVFF
385,CALSDRPSSGQKLVF,CASSQEGAGDSDYTF
386,CVLSARTNAYKVIF,CASSQDKDFSNERLFF
387,CALSKTSGGNYKPTF,CASSPDGEQFF
388,CALGEGSNYQLIW,CASSSGEGVFF
389,CVLSAWGGRALIF,CASSRETGNQDTQYF
390,CAVSPGSNYQLIW,CGDGTGGNTLYF
391,CALGDGATGGNNKLTF,CASGREDTQYF
392,CALGTGSNYQLIW,CASSSGTGDF
393,CALYSGGSNYKLTF,CANSQGTEVFF
394,CALSASNTNKVVF,CASSMGAEQFF
395,CALAPSNTNKVVF,CASSYGGGEQYF
396,CALYSGGSNYKLTF,CASSQGTEVFF
397,CALGEGSNYKLTF,CASSLGGEQYF
398,CAASRGSNNRIFF,CASSIGNEQYF
399,CAVRMSNYNVLYF,CASSYPDIYAEQFF
400,CILSGGSNYKLTF,CASSSAPEQYF
401,CALSPPNTGNYKYVF,CASSLDRGWVFF
402,CALSGGSNAKLTF,CASSDGLPFF
403,CAMREGSGGSNYKLTF,CASSLTPEEVFF
404,CVVGSNYQLIW,CASSIGLGLEDTQYF
405,CALSGSNTNKVVF,CASSSGGEQYF
406,CATDARTQVVGQLTF,CASSLSGDSDYTF
407,CAAMATGGNNKLTF,CASSRDWGYQDTQYF
408,CAASGSNTGKLTF,CASSGLGGSAETLYF
409,CAALTGNTGKLIF,CASSPLGSSAETLYF
410,CAMREDDTNAYKVIF,CATGTGSSAETLYF
411,CAATGGSNAKLTF,CASSRMGASAETLYF
412,CAASQGGSAKLIF,CASSGLGSSAETLYF
413,CATPGTQVVGQLTF,CASSLPGDYAEQFF
414,CAVSANYAQGLTF,CASSLVGDYEQYF
415,CAMRERNYNQGKLIF,CASSLTNNYAEQFF
416,CATGTQVVGQLTF,CASSLVGDYEQYF
417,CAMRENVNTGNYKYVF,CASSQGGFDYAEQFF
418,CAATGGNNKLTF,CASSRLGASAETLYF
419,CAGGIGSNYNVLYF,CASGDAYWGGTYEQYF
420,CALEGTNTNKVVF,CASTFRGPNTEVFF
421,CAVYQGGRALIF,CASSHTGGDYAEQFF
422,CAMREDDTNAYKVIF,CASSLRGDNQAPLF
423,CAATGGNNKLTF,CASSGLGGSAETLYF
424,CATDDDTNAYKVIF,CASSGDWGTYEQYF
425,CAASPVSNYNVLYF,CASSDTGGYAETLYF
426,CATPRTQVVGQLTF,CASSLLGGDAETLYF
427,CGITGNTGKLIF,CASSRLGTSAETLYF
428,CAATGSNAKLTF,CASSRLGASAETLYF
429,CAASGSFNKLTF,CASSGLGSSAETLYF
430,CAATGGNNKLTF,CASSSFGGSAETLYF
431,CAASAGNTGKLIF,CASSPLGGAAETLYF
432,CAASMGSGGSNAKLTF,CASSPLGGAAETLYF
433,CAASGGGGGNNKLTF,CASSGLGASAETLYF
434,CSAEEGSALGRLHF,CASSFRAETLYF
435,CAHPGTQVVGQLTF,CASSLRGDNQAPLF
436,CAATTGNTGKLIF,CASSPLGGAAETLYF
437,CAKTTASLGKLQF,CASSPQETGQLYF
438,CATDGTQVVGQLTF,CASSTGGGSDYTF
439,CAATGGNNKLTF,CASSRLGASAETLYF
440,CAGTGGNNKLTF,CASSILGTSAETLYF
441,CAAALLSGSFNKLTF,CASSRWGVNQDTQYF
442,CAAGNNYAQGLTF,CASSTDSAETLYF
443,CALQGTGSKLSF,CASSPGQGYEQYF
444,CAVSGWNSNNRIFF,CASFTANERLFF
445,CAAGAIMQQGTGSKLSF,CAWSPDWGVYEQYF
446,CAMRVNTGANTGKLTF,CASSQDWGGDTQYF
447,CAVSRNTEGADRLTF,CTCSAANTGQLYF
448,CALVSGGNYKPTF,CASSWGGAPLF
449,CAASRGSNNRIFF,CASSIGDEQYF
450,CALGDGRNYQLIW,CASTSGNTLYF
451,CAASEGGNYKYVF,CASSGGNEQYF
452,CVCYSGGSNYKLTF,CASSLGGGVFF
453,CVLSGGSNYKLTF,CASSFGGAPLF
454,CALGAGSNYQLIW,CASSLGRGVFF
455,CALVGGSNYKLTF,CASSFGTEVFF
456,CAAVPNNNNAPRF,CASEGGPNQDTQYF
457,CALAPSNYNVLYF,CASSLSGFEQYF
458,CAVDYNQGKLIF,CASSPLGGRRDTQYF
459,CALSHTGNYKYVF,CASSQGGRQYF
460,CALGLGSNYQLIW,CASSLGGEVFF
461,CVLSARTEGADRLTF,CASSQQQDSYEQYF
462,CAVSISNYNVLYF,CASSPDWGGRYEQYF
463,CAVSANYAQGLTF,CASGGSSAETLYF
464,CALRYRGSALGRLHF,CASRGTDSAETLYF
465,CAVSNNYAQGLTF,CASSQESAETLYF
466,CALRYRGSALGRLHF,CASSWDSAETLYF
467,CAVSANYAQGLTF,CASSGGDSAETLYF
468,CALSYTGNYKYVF,CASSLGQAPLF
469,CAVSMDSNYQLIW,CASSEWDWGGEGTGQLYF
470,CALSPHTNKVVF,CASSRGWGGPYNYAEQFF
471,CALSHTNAYKVIF,CASSWGGEQYF
472,CVLIMDSNYQLIW,CASSLGQAPLF
473,CAASGGTTASLGKLQF,CTCSAEGNTLYF
474,CALSGVNTNKVVF,CASNQGGEQFF
475,CALIPSGGNYKPTF,CASWSGPQDTQYF
476,CVLSAGYNQGKLIF,CASSDRHYEQYF
477,CAMEQTNNNNAPRF,CASSLGQAPLF
478,CAASRNTGGLSGKLTF,CASSNQDRDYTGQLYF
479,CALAYQGGRALIF,CASSRERDRDAEQFF
480,CALGGGSNYKLTF,CASSSYEQYF
481,CALSASNTNKVVF,CASSGGAEQFF
482,CALCGGSNYKLTF,CASSSYEQYF
483,CVLAYQGGRALIF,CASSRETGGAEQFF
484,CALGGGSNYKLTF,CASSSGGEVFF
485,CAASKGSNNRIFF,CASASGGEVFF
486,CALSASNTNKVVF,CASSWGGEVFF
487,CAAEAGNNNNAPRF,CASSPDITEVFF
488,CALGDRATGGNNKLTF,CASSPDRGEVFF
489,CAAEAGSNYQLIW,CASSFGGEVFF
490,CALGGGSNYQLIW,CASSGGETLYF
491,CALSRSNTNKVVF,CASSSGGGQFF
492,CAMIRSGGSNAKLTF,CAWSPGREVFF
493,CAASRGSNNRIFF,CASSLGNEQYF
494,CILTSGVTGSGGKLTL,CASSWDRGEVFF
495,CTASMQQGTGSKLSF,CASSWGTEVFF
496,CAVSGNYAQGLTF,CASSGDSAETLYF
497,CAVSSNYAQGLTF,CASRGDQSAETLYF
498,CAVSLNYAQGLTF,CASSRDSAETLYF
499,CAVSGNYAQGLTF,CASSQDSAETLYF
500,CALSAPLGIFF,CASSQDSAETLYF
501,CAAMSNYNVLYF,CASSPDWGAETLYF
502,CAVSNNYAQGLTF,CASSPDSAETLYF
503,CAVSSNYAQGLTF,CASSFRDSAETLYF
504,CAVSGNYAQGLTF,CAWTSQSAETLYF
505,CAAISTASLGKLQF,CASTTGSDERLFF
506,CAVSLNYAQGLTF,CASGGDSAETLYF
507,CAVSSNYQLIW,CASSRSSAETLYF
508,CAVSGNYAQGLTF,CASSQDSAETLYF
509,CAVSANYAQGLTF,CASSSDSAETLYF
510,CAVSHNYAQGLTF,CASTGESAETLYF
511,CAMSYGSSGNKLIF,CASSRDSAETLYF
512,CAMSSNTNKVVF,CASSLGWGAYEQYF
513,CAVSYNYAQGLTF,CASSGDSAETLYF
514,CAVSANYAQGLTF,CASMTGDSAETLYF
515,CAVSENYAQGLTF,CASGADSAETLYF
516,CAVSGNYAQGLTF,CASSGDSAETLYF
517,CAVSADYSNNRLTL,CASSWDSAETLYF
518,CAVSDNYAQGLTF,CASSFRDSAETLYF
519,CAVSGNYAQGLTF,CASSGDSAETLYF
520,CAVSGNYAQGLTF,CASRGGSSAETLYF
521,CAVSHNYAQGLTF,CASGGDSAETLYF
522,CAVSDNYAQGLTF,CASSQDSAETLYF
523,CAVSHNYAQGLTF,CASGGDSAETLYF
524,CAVSANYAQGLTF,CASGDDSAETLYF
525,CAVSRNYAQGLTF,CASSGDSAETLYF
526,CAVSANYAQGLTF,CASGGLDSAETLYF
527,CAVKGGTNAYKVIF,CASSGTDSAETLYF
528,CAIELYNQGKLIF,CASSQDRGNTLYF
529,CAASGYGNEKITF,CASSDEGASYEQYF
530,CAASNYGSSGNKLIF,CTCSAGTGGYNYAEQFF
531,CAASGSNYNVLYF,CASSRDWNTGQLYF
532,CALRGDSGGSNAKLTF,CASSPRTGGYNYAEQFF
533,CALTNYGSSGNKLIF,CTCSAGTGGYNYAEQFF
534,CALWEPNYNQGKLIF,CASSARTANTEVFF
535,CAVSGNYAQGLTF,CASSGDSAETLYF
536,CAVSGNYAQGLTF,CASSRDSAETLYF
537,CALSGAGSFNKLTF,CTCSAASGSNSDYTF
538,CAAMMSNYNVLYF,CASSQDRRNSYNSPLYF
539,CAMRNSGGSNAKLTF,CASSGGSNTGQLYF
540,CAMRGSGGSNAKLTF,CASSGGANTGQLYF
541,CAASNSGTYQRF,CASSARTANTEVFF
542,CAMRDSGTYQRF,CASSGGGRTGQLYF
543,CAMRVSGGSNAKLTF,CASSGGANTGQLYF
544,CAARNSAGNKLTF,CASSIDTGGFYEQYF
545,CASPASSGSWQLIF,CASSAGTGDTEVFF
546,CSATDYSNNRLTL,CASSPGDISYEQYF
547,CAASALDSNYQLIW,CASSPGQNTEVFF
548,CAMREVSGSFNKLTF,CASSDFISNERLFF
549,CATDTGNYKYVF,CASSIGDYAEQFF
550,CAVRDTNTGKLTF,CASSAGTGGKAPLF
551,CAFPTGNYKYVF,CASSKGDYAEQFF
552,CAASNSNNRIFF,CASSGGQLNTEVFF
553,CSAYDSGYNKLTF,CASSAGRDTEVFF
554,CAVANSNNRIFF,CASSIDTGGFYEQYF
555,CARGNMGYKLTF,CASSPGTDTEVFF
556,CALSLMDSNYQLIW,CASSIGGLYAEQFF
557,CATYNNAGAKLTF,CASSPGQDYTEVFF
558,CATSSGSWQLIF,CASSPGDTGQLYF
559,CALGDYSNNRLTL,CASSRVAGTGGAPAEQFF
560,CAMREGKGGGSNYKLTF,CASSQDLGGVYEQYF
561,CAASNSNNRIFF,CASSAGQVNTEVFF
562,CAASDPTGNYKYVF,CASSAGANTEVFF
563,CAVSANTNKVVF,CASSFPDSAETLYF
564,CAVSANNYAQGLTF,CASGGGDAAETLYF
565,CAVSANYAQGLTF,CASGGNSAETLYF
566,CAVSSNTNKVVF,CASSSDSAETLYF
567,CAVSGNYAQGLTF,CASSGDSAETLYF
568,CAVSNNYAQGLTF,CAWSPDSAETLYF
569,CAVSNNYAQGLTF,CASSQDSAETLYF
570,CAVSGNNYAQGLTF,CASSGTDSAETLYF
571,CAVSSNSNNRIFF,CASSWDSAETLYF
572,CAVSNNYAQGLTF,CASSPDSAETLYF
573,CAVSANYAQGLTF,CASSPDSAETLYF
574,CAVSDNYAQGLTF,CASGGDSSAETLYF
575,CAVSENYAQGLTF,CASSWDSAETLYF
576,CALGDPTQVVGQLTF,CASSLLGVSYEQYF
577,CAVSGNYAQGLTF,CASSDAQFSYNSPLYF
578,CAVSANYAQGLTF,CASSIGDSAETLYF
579,CAVSANNYAQGLTF,CASRTGSAETLYF
580,CAVSHNYAQGLTF,CASTGTSAETLYF
581,CAVSGNNYAQGLTF,CASSGQDSAETLYF
582,CAVTLNYAQGLTF,CASSPDSAETLYF
583,CAVSNNYAQGLTF,CASSGTSAETLYF
584,CANTGNYKYVF,CASSFDSAETLYF
585,CAVSTNYAQGLTF,CASSRDSAETLYF
586,CAVSANYAQGLTF,CASTGDSNERLFF
587,CAVVGNYKYVF,CASLGDSAETLYF
588,CAVSSNYAQGLTF,CASSRDSAETLYF
589,CAVDSNYQLIW,CASSPDSAETLYF
590,CAVEENAGAKLTF,CASSFSGTGSNERLFF
591,CAVSVNYAQGLTF,CASGGDSAETLYF
592,CAVSGNYAQGLTF,CASGGESNERLFF
593,CAVSLNYAQGLTF,CASSGDSAETLYF
594,CILRVGDTEGADRLTF,CASRGAASAETLYF
595,CAVSKNYAQGLTF,CASSGDSAETLYF
596,CAVSDNYAQGLTF,CTCSGDSAETLYF
597,CAVSGNYAQGLTF,CGARDGGDSAETLYF
598,CAALNNNAGAKLTF,CASSLYRSAETLYF
599,CAVSGNYAQGLTF,CASSSDSAETLYF
600,CAVSGNYAQGLTF,CASRPGTDSAETLYF
601,CAVSVNYAQGLTF,CASSADSAETLYF
602,CAASALGNNYAQGLTF,CASSLDSAETLYF
603,CAVSDNYAQGLTF,CASSSDSAETLYF
604,CAVSANYAQGLTF,CASKGTTSAETLYF
605,CAMRGSGGSNAKLTF,CASSGGSNTGQLYF
606,CAASTMNNNAGAKLTF,CASSQDRRNSYNSPLYF
607,CAMRGSGGSNAKLTF,CASSGGANTGQLYF
608,CAMREGKGGGSNYKLTF,CASSQDLGGTYEQYF
609,CAMRVSGGSNAKLTF,CASSGGANTGQLYF
610,CAVSPGSWQLIF,CASSDSGNTEVFF
611,CAMERSGGNYKPTF,CAWSHTGGARNTLYF
612,CAVRHYGSSGNKLIF,CTCSADRRDSYNSPLYF
613,CAMRDQGGRALIF,CASSGGANTGQLYF
614,CATRTGGYKVVF,CASSPGPSSYEQYF
615,CAMREALGEGGRALIF,CASSGGGNTGQLYF
616,CAASPSSGSWQLIF,CASSQDRRNSYNSPLYF
617,CALRNNNNAPRF,CGARDGGGEQYF
618,CAVAYQGGRALIF,CASSQDRRNSYNSPLYF
619,CAMRVSGGSNAKLTF,CASRGGANTGQLYF
620,CAVITSNMGYKLTF,CAWSHTGGARNTLYF
621,CAMRVSGGSNAKLTF,CASSGGANTGQLYF
622,CAMRGSGGSNAKLTF,CASSGGGNTGQLYF
623,CALRRTGGYKVVF,CASSLSGRGNSPLYF
624,CATDTTSSGQKLVF,CAWSPGQGATRVFF
625,CAMRDQGGRALIF,CASSGGANTGQLYF
626,CAMRGSGGSNAKLTF,CASSGGSNTGQLYF
627,CAVSHNYAQGLTF,CASGGDSAETLYF
628,CAVSANYAQGLTF,CASSDDSAETLYF
629,CAVSDNYAQGLTF,CASSPPDSAETLYF
630,CAVSGNYAQGLTF,CASGGRDSAETLYF
631,CAVSSNYAQGLTF,CASMGTSAETLYF
632,CAASAYTGKLIF,CAWGGTSSAETLYF
633,CAVNSNYQLIW,CASSRDSAETLYF
634,CAASDYGSSGNKLIF,CTCSAGTGGYNYAEQFF
635,CAARFYGSSGNKLIF,CTCSTGTGGFNYAEQFF
636,CALSSYGSSGNKLIF,CATGTGSSAETLYF
637,CALSSYGSSGNKLIF,CTCSAGTGGYNYAEQFF
638,CAAGQGGSAKLIF,CTCSAGTGGYNYAEQFF
639,CAASNYGSSGNKLIF,CTCSAGTGGYNYAEQFF
640,CAMTLYGSSGNKLIF,CTCSAGTGGYNYAEQFF
641,CAVSAGTGSKLSF,CASSDRGYAEQFF
642,CALVETGGYKVVF,CASSPGTGGYNYAEQFF
643,CAASRYGSSGNKLIF,CTCSAGTGGYNYAEQFF
644,CAVSSSSFSKLVF,CASSFWGRDQDTQYF
645,CAMSDGTGGYKVVF,CASSSGTGGYNYAEQFF
646,CAVNNYAQGLTF,CASSGTGGGAEQFF
647,CAASASSNNRIFF,CASPGTGGDEQYF
648,CALSDYGSSGNKLIF,CTCSPGTGGYNYAEQFF
649,CALVDGTGGYKVVF,CASSPGTGGYNYAEQFF
650,CALSIYGSSGNKLIF,CTCSGGTGGYNYAEQFF
651,CAVSGGSNAKLTF,CASSGDWGYEQYF
652,CAASADNNNAPRF,CASSEHWGFNQDTQYF
653,CAAGQGGSAKLIF,CTCSGGTGGYNYAEQFF
654,CAARVDSGYNKLTF,CGASPGTGGYNYAEQFF
655,CAAKNYGSSGNKLIF,CTCSSGTGGFNYAEQFF
656,CAMSEGTGGYKVVF,CAWSPGTGGYNYAEQFF
657,CALSDGTGGYKVVF,CASSTGTGGYNYAEQFF
658,CALGDGTGGYKVVF,CTCSAGTGGYNYAEQFF
659,CAASMGNYNVLYF,CASSPDWGGYAEQFF
660,CAAMRDSGYNKLTF,CTCSPGTGGYNYAEQFF
661,CALSDPVGNYGNEKITF,CASSFWGRDQDTQYF
662,CALSDYSNNRLTL,CGAIRDWGYEQYF
663,CAVSSSSFSKMVF,CASSFWGRDQDTQYF
664,CAARGQGGRALIF,CASSLGGEGEQYF
665,CAVSANYAQGLTF,CASGGTSNERLFF
666,CAASGGVGDNSKLIW,CASSGDRDEQYF
667,CAVSRNYAQGLTF,CASRGDSAETLYF
668,CAVSNNYAQGLTF,CGARDGLDSAETLYF
669,CAVSGNYAQGLTF,CASSTGSAETLYF
670,CAVSYNYAQGLTF,CASSPDSAETLYF
671,CAVSGNYAQGLTF,CAWDWGSSAETLYF
672,CAVSFNNNNAPRF,CASSGDSAETLYF
673,CAVSGNYAQGLTF,CASAQDSAETLYF
674,CAVSDNYAQGLTF,CASGGQDSAETLYF
675,CAPLSSGSWQLIF,CASRGDSAETLYF
676,CAAEEGTNTGKLTF,CASSEDREFSAETLYF
677,CALCGGSNYKLTF,CASSEYEQYF
678,CAVSASGGYKVVF,CASSELGGQGEQYF
679,CVFGGYQNFYF,CASSQDRNTLYF
680,CALAPSNTNKVVF,CASSLSGFEQYF
681,CALALGDNSKLIW,CASSSGDF
682,CALWEPDTNAYKVIF,CASSIGGEVFF
683,CALGSGGNNKLTF,CASSPYEQYF
684,CALVPSNTNKVVF,CASSLSGFEQYF
685,CILSGGSNYKLTF,CASSWGGEQYF
686,CALGGGSNYQLIW,CASSWGEEVFF
687,CAASRAGSWQLIF,CASREGGFSNERLFF
688,CALSETNTNKVVF,CASSQGDEQYF
689,CALGASNTGYQNFYF,CASSPDRGEQYF
690,CAAEAGSNYQLIW,CASTQGAEVFF
691,CALSKTNTNKVVF,CASSWGGEQYF
692,CILRVGATGGNNKLTF,CASSLDRGEVFF
693,CALGAGSNYQLIW,CASSSGQEVFF
694,CALSEPNTGKLTF,CASSLGGPTEVFF
695,CAVSDYNYAQGLTF,CASSGDSAETLYF
696,CAVSANYAQGLTF,CASTAGDSAETLYF
697,CAVSANYAQGLTF,CASGEDSAETLYF
698,CAMRDNYGNEKITF,CASSWWGSSYEQYF
699,CAVSDNYAQGLTF,CASMTTSAETLYF
700,CAVSGNYAQGLTF,CASSGDSAETLYF
701,CAVTNNYAQGLTF,CASSGDSAETLYF
702,CAVSFNYAQGLTF,CASSRDSDERLFF
703,CAVSDNYAQGLTF,CASSADSAETLYF
704,CAVSGNYAQGLTF,CASRGQSSAETLYF
705,CAVNGNYQLIW,CASSLDRDSAETLYF
706,CAASMDYANKMIF,CASGEPGLGGDQDTQYF
707,CAVGSNYQLIW,CASSRDSAETLYF
708,CATDAKTQVVGQLTF,CASSLGSQNTLYF
709,CAASEPNSAGNKLTF,CASSPGTGDYAEQFF
710,CATPSNTNTGKLTF,CASSLLGDYAEQFF
711,CAASERDYNQGKLIF,CASSFRGDYAEQFF
712,CAAHTGNYKYVF,CASSFRGDAEQFF
713,CSAKEASSGSWQLIF,CASSLRGDYAEQFF
714,CATDARTQVVGQLTF,CASSLASSGNTLYF
715,CAVAGTQVVGQLTF,CASSLGGHERLFF
716,CATDAAQVVGQLTF,CASSLGSAETLYF
717,CALRAASSGSWQLIF,CASSLEVGRAETLYF
718,CAASNTGGLSGKLTF,CASSPLGTGGEQYF
719,CATAYNQGKLIF,CASGERDWGDEQYF
720,CAASGGRALIF,CASSRLGSSAETLYF
721,CAMREDDTNAYKVIF,CASSLRGDNQAPLF
722,CAVSGGDSNYQLIW,CASSYRDDTQYF
723,CAASKEDSNYQLIW,CASSFRGWGEQYF
724,CAMRGNSGTYQRF,CASSGGANTGQLYF
725,CAMREANSGTYQRF,CASSGGSNTGQLYF
726,CAMRGNSGTYQRF,CASSGGSNTGQLYF
727,CALRNYGSSGNKLIF,CASSDSRNTEVFF
728,CAMREAGGSNAKLTF,CASSGGSNTGQLYF
729,CAMREVFGSSGNKLIF,CASKGGGNTGQLYF
730,CAMRANSGTYQRF,CASSGGSNTGQLYF
731,CAASENPNTGKLTF,CASSPDSAETLYF
732,CAVSGNNRLTL,CASSFRDSAETLYF
733,CAVSGNYAQGLTF,CASLRGSAETLYF
734,CAVSDNYAQGLTF,CASSLESAETLYF
735,CAVSNNYAQGLTF,CASSLDSAETLYF
736,CAVSNNYAQGLTF,CASRTGLDSAETLYF
737,CAVSGNYAQGLTF,CASSRDSAETLYF
738,CAVSSNYQLIW,CASSDGDSAETLYF
739,CAVSNNYAQGLTF,CASSQDSAETLYF
740,CAVSDNYAQGLTF,CTCSGRDSAETLYF
741,CAVSGDSNNRLTL,CASSGDSAETLYF
742,CAVSGNYAQGLTF,CASSLDSAETLYF
743,CAVTSNYNVLYF,CASSHDSAETLYF
744,CAVNSNYQLIW,CASSKDSAETLYF
745,CAVSANNYAQGLTF,CASSGESAETLYF
746,CAMREGSGSFNKLTF,CTCSADGVSYEQYF
747,CAVSSNNRLTL,CTCSGDGAETLYF
748,CAVSANNYAQGLTF,CASSSDSAETLYF
749,CAASSNTNKVVF,CASSFPDSAETLYF
750,CAVSENYAQGLTF,CAWSLDSAETLYF
751,CAPWAGGYKVVF,CASSRDSAETLYF
752,CAVSDNYAQGLTF,CASSFQDSAETLYF
753,CAVSGNYAQGLTF,CASSQDSAETLYF
754,CAVSDNYAQGLTF,CAWRKLGGGEAEQFF
755,CAVSNNYAQGLTF,CASSGDSAETLYF
756,CAVSSNNRLTL,CASSGWESAETLYF
757,CAMSDASSSFSKLVF,CASSIGWGAYEQYF
758,CAVSDNYAQGLTF,CASSQDSAETLYF
759,CAVSGNYAQGLTF,CASSGNSAETLYF
760,CAVSLNYAQGLTF,CAWRGLDSAETLYF
761,CAASERGTNTGKLTF,CASGGESAETLYF
762,CAVSDNYAQGLTF,CTCSGDSAETLYF
763,CAVSNNYAQGLTF,CASSLDSAETLYF
764,CAVSGNYAQGLTF,CASSRDSAETLYF
765,CAVSANYAQGLTF,CASSRDSAETLYF
766,CAVSDNYAQGLTF,CTCSGRDSAETLYF
767,CAVSTNYAQGLTF,CASRGTTSAETLYF
768,CAVSVNYAQGLTF,CASDWGDSAETLYF
769,CVGNSNYQLIW,CAWTGGQDTQYF
770,CALGDRGTGNYKYVF,CASSLDRGEVFF
771,CALGGGSNYKLTF,CASSSGGEVFF
772,CALGSGGNYKPTF,CASSWGAEQFF
773,CALSPSSGSWQLIF,CASSLGAEQFF
774,CAAEIQGGRALIF,CASSREDRGPQDTQYF
775,CALSDRPSSGQKLVF,CASSQEGQANSDYTF
776,CALVPSNTNKVVF,CASSLSGFEQYF
777,CALSVGSSSFSKLVF,CASSTGDEQYF
778,CALSGTSGSWQLIF,CASSLRDWGLYEQYF
779,CALGEGNNYAQGLTF,CASSLDRGEVFF
780,CALSPTGGYKVVF,CASSWGAEQFF
781,CALSDTGNYKYVF,CASIQYNQAPLF
782,CAMRENSGGSNYKLTF,CASSLSPERLFF
783,CILNGGSNYKLTF,CASSTGLAPLF
784,CILREGATGGNNKLTF,CASSLDRGGLFF
785,CALYSGGSNYKLTF,CASIGYNYAEQFF
786,CALSDRGGYKVVF,CASSSPAEQFF
787,CALSWSGGYKVVF,CASSSPDTQYF
788,CALVGGSNYKLTF,CASSPTGQLYF
789,CALSDYSAGNKLTF,CASSADRDGNTLYF
790,CALGEGSNYQLIW,CASSSGTEVFF
791,CAASKGSNNRIFF,CASSIGSEQYF
792,CALAAGSNNRIFF,CASSSGGGLFF
793,CALGTTASLGKLQF,CASGDDWASAETLYF
794,CALSGTNTNKVVF,CASSEGGEQYF
795,CILGNQGGSAKLIF,CASSFGGEVFF
796,CALSASSGSWQLIF,CTCSAETGEGYEQYF
797,CALSGATGGNNKLTF,CASSYGAEVFF
798,CAASRGSNNRLTL,CASSIGGEVFF
799,CALSDTGNYKYVF,CASSLGAEQFF
800,CAASRGSNNRIFF,CASSIGGEVFF
801,CALGSGGNYKPTF,CASSEGEAPLF
802,CVLGYNTNTGKLTF,CASTGGYEQYF
803,CARYSGGSNYKLTF,CASSWGNEQYF
804,CATPLSSGSWQLIF,CASSPGTGDTEVFF
805,CAVSDNRIFF,CASSPDSSYNSPLYF
806,CAVSEWSNNRIFF,CASSPNSGNTLYF
807,CAVSGDSNYQLIW,CASSPGTGGVTEVFF
808,CATDRGNMGYKLTF,CASSPGTTNTEVFF
809,CVLGDRGSALGRLHF,CASSPGQYTEVFF
810,CAASESTGNYKYVF,CASSPGSNTEVFF
811,CATDGGLGNYKYVF,CASSPGANTEVFF
812,CAVSMDSAGNKLTF,CASSRDISYNSPLYF
813,CAVSETMGYKLTF,CASSPDAEQFF
814,CALSPPLASSSFSKLVF,CASSALGGLDTQYF
815,CAMRDWEGGRALIF,CASSLGLGGRQDTQYF
816,CAVNYNVLYF,CASGTGENSDYTF
817,CATDTGNYKYVF,CASSLGDYAEQFF
818,CALTPNYNQGKLIF,CASSSGGSAETLYF
819,CAVSASYAQGLTF,CASRSGGGGQNTLYF
820,CAAPLSNTNKVVF,CASSPSQNTLYF
821,CAALDSNYQLIW,CASSPGSSDYTF
822,CAASNGDSNYQLIW,CGASWGVEQYF
823,CAASGSSSFSKLVF,CASSLVGQDTQYF
824,CAVSANYAQGLTF,CATGTGSSAETLYF
825,CVVGENYGSSGNKLIF,CASSEGQGEVFF
826,CAVSAGGSSGNKLIF,CASSENWGYEQYF
827,CAASSDSGYNKLTF,CTCSSGTGGYNYAEQFF
828,CALVHYGSSGNKLIF,CTCSAGTGGYNYAEQFF
829,CALSDGTGGYKVVF,CASSAGTGGYNYAEQFF
830,CAVSEGNYQLIW,CASSLGDNYAEQFF
831,CALSEDNNNAPRF,CASSRDWGGYAEQFF
832,CAAAQGGSAKLIF,CTCSAGTGGYNYAEQFF
833,CALGEGTGGYKVVF,CASSPGTGGYNYAEQFF
834,CAMREGNSNNRIFF,CASSHDWGSSQNTLYF
835,CALGRGSNYKLTF,CASTTGTGVVFF
836,CAIPDTNAYKVIF,CASSLSSRGQGSDYTF
837,CALEGGSNYKLTF,CASSLGGRVFF
838,CAMREPNTEGADRLTF,CAAWGENYAEQFF
839,CAADGGGSNYKLTF,CASSFGAEQFF
840,CALGSGGNNKLTF,CASSFGQAPLF
841,CALSEVSNYNVLYF,CASSPTGGGNERLFF
842,CAASRGSNNRIFF,CASSIGDEQYF
843,CILSGGSNYKLTF,CASSWGGEQYF
844,CILRPGSSSSFSKLVF,CASSLPEGPTGQLYF
845,CALGDRRTGNYKYVF,CASSLNRGRLYF
846,CILRVGATGGNNKLTF,CASSPDRGRLFF
847,CALGGGSNYKLTF,CASSLGGEVFF
848,CALGEGSNYQLIW,CASSLTGEQYF
849,CILSGGSNYKLTF,CASSLGGEQYF
850,CAPNTEGADRLTF,CASTQGGAPLF
851,CALGDRGSGGSNYKLTF,CASSSGQAPLF
852,CALGAGSNYKLTF,CASSLGGEVFF
853,CALGGGSNYKLTF,CASSSGEAPLF
854,CIRSGGSNYKLTF,CASSWGVEQYF
855,CVNSNNRIFF,CASSIGDEQYF
856,CALIASSGSWQLIF,CASTGGQAPLF
857,CILVGGSNYKLTF,CASSSGQAPLF
858,CALGGGSNYKLTF,CASSEGERLFF
859,CALAGGSNYKLTF,CASSSSGQLYF
860,CALIASSGSWQLIF,CASSGGQAPLF
861,CALGRGSNYKLTF,CASTTGTGVVFF
862,CALSATSGSWQLIF,CASSPRDWGNYEQYF
863,CAMREGPGFASALTF,CASSFNRELSNERLFF
864,CILRVGATGGNNKLTF,CASSPDRGEVFF
865,CAGSSGSWQLIF,CASSPTGGDQNTLYF
866,CALGEGSNYQLIW,CASSSGTEVFF
867,CALGGGSNYKLTF,CASSLGGGVFF
868,CILMEGATGGNNKLTF,CASSPDRGEQYF
869,CAVSLNTNTGKLTF,CASSLSNRGQDSDYTF
870,CAMRAPANYGNEKITF,CASSASNFSNERLFF
871,CALVPSNTNKVVF,CASSLGGYEQYF
872,CAVKSAGNKLTF,CASSLGDEQYF
873,CILSGGSNYKLTF,CASSWGSEQYF
874,CAASKGSNNRIFF,CASSIGDEQYF
875,CAVSMTNYNVLYF,CASSLDWGANTGQLYF
876,CAALNNYAQGLTF,CASSQDRRNSYNSPLYF
877,CAGLNNYAQGLTF,CASGDGGYEQYF
878,CALRTTASLGKLQF,CASSPGLGGEQDTQYF
879,CAMREGTGTQVVGQLTF,CASKGGANTGQLYF
880,CAAPTSGGNYKPTF,CASSPRVANTEVFF
881,CAASADYANKMIF,CASSDRGEQYF
882,CALGGNYAQGLTF,CASSQESLPSNERLFF
883,CAASDDTNAYKVIF,CASGEQYF
884,CAMRGKGNNYAQGLTF,CASSIVGGGAETLYF
885,CVLSASSNNRIFF,CASSVARDEQYF
886,CALSEDGAGNKLTF,CASSSRTGSYAEQFF
887,CAVRNYSNNRLTL,CASSDAATSEVFF
888,CAVRVYGSSGNKLIF,CTCSADWRNSYNSPLYF
889,CAATNYGNEKITF,CASSQEDWGQNTLYF
890,CAMRESGGSNAKLTF,CASSGGSNTGQLYF
891,CAMREGDTNAYKVIF,CASRRTGGNAEQFF
892,CAASISSGGSNYKLTF,CASSPRKQLYF
893,CAVRGNSNNRIFF,CASSQDRRNSYNSPLYF
894,CAVGGSNAKLTF,CASSDNSQNTLYF
895,CAMREGHTGGNNKLTF,CASSGGSNTGQLYF
896,CAMRVSGGSNAKLTF,CASSGGANTGQLYF
897,CAMREGKGGGSNYKLTF,CASSQDLGGVYEQYF
898,CAMRGSGGSNAKLTF,CASSGGANTGQLYF
899,CAARINSGGSNAKLTF,CASSDHRTTEVFF
900,CAMRANSGTYQRF,CASSGGANTGQLYF
901,CAMREGWYNQGKLIF,CAWRPTASYEQYF
902,CAMRVGSGTYQRF,CASSGGGNTGQLYF
903,CAMRANSETYQRF,CASSGGANTGQLYF
904,CAMREGKGRDSNYKLTF,CASSQDLGGVYEQYF
905,CAARRGNTGNYKYVF,CASSDSKNTEVFF
906,CAASPRNTGNYKYVF,CASSDSKNTEVFF
907,CAMRVTYQGGRALIF,CASSGGGNTGQLYF
908,CAVSGNYAQGLTF,CASSFRDSAETLYF
909,CAVSGNYAQGLTF,CTCGGGDSAETLYF
910,CAVSGNYAQGLTF,CASTLRDSDYTF
911,CALRGPGTGSNRLTF,CASGGDSAETLYF
912,CAVSANYAQGLTF,CTCSGGDAAETLYF
913,CAVSNNYAQGLTF,CASSGGLGASAETLYF
914,CAVSEGNYKYVF,CASSPLDSAETLYF
915,CAVSSNYAQGLTF,CASKETTSAETLYF
916,CAVSYNNNAPRF,CASSHDSAETLYF
917,CAVSDNYAQGLTF,CASSGESAETLYF
918,CAVSSSGSWQLIF,CASSDWGGADQDTQYF
919,CAVNSNYQLIW,CASSRDSAETLYF
920,CAVSAHYSNNRLTL,CASSGESAETLYF
921,CAVTYNYAQGLTF,CASSMDSAETLYF
922,CAVSGNYAQGLTF,CASSGGLGSSAETLYF
923,CAVSSNTNKVVF,CASSSDWDSAETLYF
924,CAVSANYAQGLTF,CASSGGSAETLYF
925,CAMREVNQGGSAKLIF,CASSADWGYAEQFF
926,CAVSPNTNKVVF,CASGGDSAETLYF
927,CAVSNNYAQGLTF,CASSQDSAETLYF
928,CAVSDNYAQGLTF,CASGGESAETLYF
929,CAVNNNYAQGLTF,CASSMDSAETLYF
930,CAVSANYAQGLTF,CACPPGLGGSAETLYF
931,CAVSNNYAQGLTF,CASSQDSAETLYF
932,CAVSANYAQGLTF,CAWRPDWGGSAETLYF
933,CAVSGNSNNRIFF,CASSGDSAETLYF
934,CAVSNNYAQGLTF,CASSQDSAETLYF
935,CAVSANYAQGLTF,CASSQDSAETLYF
936,CAVSPNYAQGLTF,CASKWDSAETLYF
937,CAVSANYAQGLTF,CAWGLESAETLYF
938,CAVSSNYQLIW,CASSDNSAETLYF
939,CAVSYNYAQGLTF,CASSGESAETLYF
940,CAVSGNYAQGLTF,CAWGTTSAETLYF
941,CAVSANNYAQGLTF,CASGGTDSAETLYF
942,CAVSADYSNNRLTL,CASSWDSAETLYF
943,CAVSNNYAQGLTF,CASSSDSAETLYF
944,CAVSHNYAQGLTF,CASSRPDSAETLYF
945,CAVSANYAQGLTF,CASRGLESAETLYF
946,CAVSANYAQGLTF,CASSGQDSAETLYF
947,CAVSANYAQGLTF,CASGGESAETLYF
948,CAVSDNYAQGLTF,CASRGTTSAETLYF
949,CAVSGNAGAKLTF,CASSWDSAETLYF
950,CAVRAKGAKLTF,CASSQDQGAPERLFF
951,CVLSASSNNRIFF,CASSLARDEQYF
952,CAVRVYSNNRLTL,CASSDSAATEVFF
953,CAMRGANSGTYQRF,CASSGGGNTGQLYF
954,CATRTGGYKVVF,CASSPGPSSYEQYF
955,CATRTGGYKVVF,CASSLGPSSYEQYF
956,CAASGGSALGRLHF,CASSDVGGKTEVFF
957,CAMREGKGGGSNYKLTF,CASSQDLGGVYEQYF
958,CAAGANTGANTGKLTF,CASSLRGLSQNTLYF
959,CAVRDRGSALGRLHF,CASSLTPGQGERNTEVFF
960,CAMRGNSGTYQRF,CASSGGANTGQLYF
961,CALALYGSSGNKLIF,CTCSAGTGGFNYAEQFF
962,CALALYGSSGNKLIF,CTCSSGTGGFNYAEQFF
963,CALALYGSSGNKLIF,CTCSAGTGGFNYAEQFF
964,CAASAWDTGYQNFYF,CTCSADRVNTEVFF
965,CALVIYGSSGNKLIF,CTCSSGTGGFNYAEQFF
966,CATDETGYQNFYF,CASSFSGDYAEQFF
967,CATSDTNTGKLTF,CASSMDWGFGQDTQYF
968,CAALNSNNRIFF,CGASWGNTGQLYF
969,CALSDQGNYKPTF,CASSLSSQNTLYF
970,CSASSTQVVGQLTF,CASSGQNSYNSPLYF
971,CAVRDRGSALGRLHF,CASSSWGSQDTQYF
972,CAVKGNSAGNKLTF,CASSYRGDYAEQFF
973,CATDRTQVVGQLTF,CASSLGNGNTLYF
974,CAASGGSGGSNYKLTF,CASSPLGTSAETLYF
975,CAVSADTNTGKLTF,CASGDRDWGDEQYF
976,CALAPPDKLTF,CASSVPGQGDTGQLYF
977,CAVRPGNTGKLIF,CASSLRGDNQAPLF
978,CATGTQVVGQLTF,CASSLGGADTLYF
979,CATETQVVGQLTF,CASSRSGNSDYTF
980,CALSGSFNKLTF,CASSPLGTSAETLYF
981,CALSDTTGNTGKLIF,CASSLGTDYAEQFF
982,CATETQVVGQLTF,CASSLVLGGREQYF
983,CAATGGNNKLTF,CASSRLGSSAETLYF
984,CATEAQVVGQLTF,CASSLSANSDYTF
985,CATRDGNEKITF,CASRYRGDYAEQFF
986,CAASQGGSAKLIF,CASSPLGSSAETLYF
987,CAVRAYSNNRLTL,CASSDAASTEVFF
988,CAAMLSGSFNKLTF,CASSQDRRNSYNSPLYF
989,CVLSASSNNRIFF,CASSRARDEQYF
990,CAVSAASNNRIFF,CASSLARNEQYF
991,CAMRVSGGSNAKLTF,CASSGGSNTGQLYF
992,CAMREAGGSNAKLTF,CASSGGSNTGQLYF
993,CAASTGYQNFYF,CASSTRDRRSQNTLYF
994,CAVSNTGYQNFYF,CASSQDRRNSYNSPLYF
995,CALKNNYAQGLTF,CGAREGTRNTEVFF
996,CVLSASNNNKIFF,CASSRARDEQYF
997,CAMREALGTGSNRLTF,CASSGGGNTGQLYF
998,CAMRANSGTYQRF,CASSGGANTGQLYF
999,CAMREGSFNKLTF,CASRQGYEQYF
1000,CSASIGTNTGKLTF,CASSRGLGGINTGQLYF
1001,CALARNSNNRIFF,CASSPSRATEVFF
1002,CAMRVSGGSNAKLTF,CASSGGSNTGQLYF
1003,CAMRGSGGSNAKLTF,CASSGGSNTGQLYF
1004,CAVRVTGSGGKLTL,CASSWDRGEQYF
1005,CAASRGRSNYNVLYF,CASSRDLSGNYAEQFF
1006,CAAQLSGSFNKLTF,CASSSGTGVVEQYF
1007,CAVSDMGYKLTF,CASSQDRRNSYNSPLYF
1008,CAMGNMGYKLTF,CASSPGPTNERLFF
1009,CAAPPANAYKVIF,CASSQERGSGNTLYF
1010,CAASNNNNAPRF,CASSGGGNTGQLYF
1011,CAAIFYGSSGNKLIF,CASSQDRRNSYNSPLYF
1012,CALGGGSNYKLTF,CASSGGGEQYF
1013,CALGDRGTGNYKYVF,CASSLDRGEVFF
1014,CAVSGNSGGSNAKLTF,CASSPDRGEQYF
1015,CALSGSNTNKVVF,CASSGGAEQFF
1016,CALGSGSNNRIFF,CASSMGNPVFF
1017,CAVSVRGTEGADRLTF,CASSQDEDGFYEQYF
1018,CILRVGATGGNNKLTF,CASSLDRAEVFF
1019,CAADRGGSNYKLTF,CASSFGGMQFF
1020,CALERWSNNRIFF,CASSDRDRDPGNTLYF
1021,CALGDRGTNSAGNKLTF,CASSPDRGQLYF
1022,CALSGTNTNKVVF,CASSWGDEQYF
1023,CALGGGSNYKLTF,CASSTGGGEFF
1024,CALNTNTGKLTF,CASWDRGSSYEQYF
1025,CAASKGSNNRIFF,CASSIGDEQYF
1026,CVFSGGSNYKLTF,CASSGGGEVFF
1027,CAASRGSNNRIFF,CASSWGDEQYF
1028,CALSGTNTNKVVF,CASTWGGEQYF
1029,CVLSARGGRALIF,CASSREQDRGWEQYF
1030,CVLSFNSNYQLIW,CASSWGGEVFF
1031,CVLSAGGYGNEKITF,CASSLSGTDFSNERLFF
1032,CAASRGSNNRIFF,CASSIGGEVFF
1033,CAADRTNSAGNKLTF,CASSEGQPNSDYTF
1034,CAVSARTEGADRLTF,CASSQEADSYEQYF
1035,CALGDGGNYQLIW,CASSLGSEQYF
1036,CALEGNQGGSAKLIF,CASSYGAEQFF
1037,CAASRGSNNRIFF,CASSIGNEQYF
1038,CALSDNTEGADRLTF,CASSFGGMQFF
1039,CALSGTNTNKVVF,CASSIGERLFF
1040,CAERDNNNAPRF,CASSGGGEQYF
1041,CALGGGSNYKLTF,CASSLGDEQYF
1042,CALSGTNTNKVVF,CASSSPGEQYF
1043,CALSMVSNNRIFF,CASSEPDSAETLYF
1044,CAASVGTGSNRLTF,CASSADSAETLYF
1045,CAVRNYNQGKLIF,CASSSWGGLSQNTLYF
1046,CAMRGKGNNYAQGLTF,CASSIVGGGAETLYF
1047,CAASASSSFSKLVF,CASGDALETLYF
1048,CAVSTNYAQGLTF,CASSPDSAETLYF
1049,CATDSGSWQLIF,CASGTGEYAEQFF
1050,CALGERDPNTGKLTF,CASSPDSAETLYF
1051,CAASKGSNNRIFF,CASSIGDEQYF
1052,CALRRASSGSWQLIF,CASSRTAPNERLFF
1053,CAMRAANSGTYQRF,CASSGGANTGQLYF
1054,CAMRGNSGTYQRF,CASSGGSNTGQLYF
1055,CALGVEGNNRIFF,CASSDHRRTEVFF
1056,CAMRGNSGTYQRF,CASSGGANTGQLYF
1057,CAVSLATSSGQKLVF,CASSQDRRNSYNSPLYF
1058,CAMRANSGTYQRF,CASSGGANTGQLYF
1059,CAVSISNTNTGKLTF,CASSRRLGGLGAEQFF
1060,CAMREATNSAGNKLTF,CASKGGSNTGQLYF
1061,CAMRVSGGSNAKLTF,CASSGGSNTGQLYF
1062,CAMRGSGGSNAKLTF,CASSGGANTGQLYF
1063,CAMRESGGSNAKLTF,CASSGGSNTGQLYF
1064,CAALNSGGSNYKLTF,CASRPWGGYEQYF
1065,CALSERGYGSSGNKLIF,CASRDSANTEVFF
1066,CAVRGTNAYKVIF,CASADNYNSPLYF
1067,CAMREGHGSSGNKLIF,CASSGGSNTGQLYF
1068,CVMRGYGGSNAKLTF,CASSGGANTGQLYF
1069,CVLSASSNNRIFF,CASSLARDEQYF
1070,CAMRESRGSNAKLTF,CASKGGSNTGQLYF
1071,CAAVATASLGKLQF,CASRDSANTEVFF
1072,CARNNYAQGLTF,CASSDERGRDQDTQYF
1073,CARRTGGYKVVF,CASSLGPSSYEQYF
1074,CAMREGLNTGNYKYVF,CASSQDRVRYEQYF
1075,CAMREGRGGGSNYKLTF,CASSQDLGGLYEQYF
1076,CAVSMRDNAGAKLTF,CASRGGGNTGQLYF
1077,CAMREGRGGGSNYKLTF,CASSQDLGGVYEQYF
1078,CALRPFGGSNYKLTF,CASSPWGGARAEQFF
1079,CALSDLNYGNEKITF,CASSQDMGGRSYEQYF
1080,CVLSASSNNRIFF,CASSLARDEQYF
1081,CVLGWTGGYKVVF,CASSGGANTGQLYF
1082,CVLSAKNSNNRIFF,CASSQVINSGNTLYF
1083,CARNTGNYKYVF,CASSIGDTYEQYF
1084,CALSDTGYQNFYF,CASSWGANTEVFF
1085,CARDSGTYQRF,CASSIDTGTNTGQLYF
1086,CAVPNPSGSWQLIF,CASSPGDYAEQFF
1087,CAPSSGSWQLIF,CASSSGDYAEQFF
1088,CAVSAVTASLGKLQF,CASSLSNGGLDTQYF
1089,CAAEAVTGGYKVVF,CASSGDLNSGNTLYF
1090,CARNTGNYKYVF,CASSPGDSYEQYF
1091,CARNTGNYKYVF,CASSMGANTEVFF
1092,CATGDQGGRALIF,CASSPGQTYEQYF
1093,CAASAKLNNYAQGLTF,CASSRGLGVEQYF
1094,CAADSGTYQRF,CASSLLQTNTEVFF
1095,CAASDSNNRIFF,CASSQGQIGSDYTF
1096,CAADNYAQGLTF,CASSLLNSGNTLYF
1097,CAAINSAGNKLTF,CASSPGTDNQDTQYF
1098,CAASAGAKLTF,CASSLLLGVLAEQFF
1099,CAGNNNNAPRF,CASSRDRVGAETLYF
1100,CATDTGNYKYVF,CASSIGDNYEQYF
1101,CALGENNYAQGLTF,CASSIGDSYEQYF
1102,CALSRMGYKLTF,CASSLLNSGNTLYF
1103,CAVTPTGGLSDIQNP,CASSIGDSYEQYF
1104,CATDTGNYKYVF,CASSWGDYAEQFF
1105,CAMREGNQGKLIF,CASSIGDYAEQFF
1106,CAPFFYRGSALGRLHF,CASSVGGGQDTQYF
1107,CATDDYAQGLTF,CASSRGLTSAETLYF
1108,CATDTGNYKYVF,CASSMGTDTQYF
1109,CATDHTGANTGKLTF,CASSTGTGMEQYF
1110,CAVDTGNYKYVF,CASSPGDYAEQFF
1111,CAASEGTGNYKYVF,CASSPGTTYEQYF
1112,CAADQDSNYQLIW,CASSWGDYAEQFF
1113,CATDTGNYKYVF,CASGELGASAETLYF
1114,CAVSTNYAQGLTF,CAWTGTSAETLYF
1115,CAAEAAGGNNKLTF,CASSLTDSYEQYF
1116,CALGDPGGSNAKLTF,CASRGESAETLYF
1117,CAMRENVGDNSKLIW,CASSQDWGGDTLYF
1118,CAASKYGSSGNKLIF,CTCSAGTGGYNYAEQFF
1119,CAMTNYGSSGNKLIF,CTCSAGTGGYNYAEQFF
1120,CALSDYGSSGNKLIF,CTCSAGTGGYNYAEQFF
1121,CAASRYGSSGNKLIF,CTCSAGTGGYNYAEQFF
1122,CAMSDPGFASALTF,CTCSAGTGGYNYAEQFF
1123,CAMSDPGFASALTF,CTCSAGTGGYNYAEQFF
1124,CALVEGSGGYKVVF,CAWSPGTGGYNYAEQFF
1125,CAMTNYGSSGNKLIF,CASSAGTGGYNYAEQFF
1126,CAMTNYGSSGNKLIF,CTCSAGTGGYNYAEQFF
1127,CAAPQGGSAKLIF,CASSEENTEVFF
1128,CALGEGTGGYKVVF,CASSAGTGGYNYAEQFF
1129,CAASSYGSSGNKLIF,CTCSAGTGGYNYAEQFF
1130,CAASQYGSSGNKLIF,CTCSAGTGGYNYAEQFF
1131,CVLSLYGSSGNKLIF,CTCSAGTGGYNYAEQFF
1132,CAMREGSSSGSWQLIF,CASSEGKEVFF
1133,CAVSMRNSGTYQRF,CTCSTRASNTEVFF
1134,CAASNYQLIW,CGARDGGLNTGQLYF
1135,CAVSDNYAQGLTF,CAWSPDSAETLYF
1136,CALSGSGYNKLTF,CASSPGQGYEQYF
1137,CAVSGNYAQGLTF,CSSSWSSAETLYF
1138,CALPNSNNRIFF,CASSFRDSAETLYF
1139,CAMREGGYAQGLTF,CTCSAGTGVAEQFF
1140,CALQGTGSKLSF,CASSLWGDYYEQYF
1141,CALSDVGGYSNNKLTF,CASSIPRVYNSPLYF
1142,CALSENYNQGKLIF,CASSPWGGQGGGNTLYF
1143,CALSDRDMGYKLTF,CASGDPGGNQDTQYF
1144,CALTPNYNQGKLIF,CASGDGGTEKYAEQFF
1145,CVLSADTNTGKLTF,CASSLDHGLGGHYAEQFF
1146,CAAMLASSGSWQLIF,CASSHDRRNSYNSPLYF
1147,CASRTGGYKVVF,CASSPGPSSYEQYF
1148,CALGAGNYAQGLTF,CASSHDRRNSYNSPLYF
1149,CAAMLASSGSWQLIF,CASSHDRRNSYNSPLYF
1150,CAMRANSGTYQRF,CASSGGSNTGQLYF
1151,CATAGNTNTGKLTF,CASSLLGDYAEQFF
1152,CAMREASNYNVLYF,CASSYRTDYAEQFF
1153,CAVSNTNTGKLTF,CASSGLGVSAETLYF
1154,CAASAGNTGKLIF,CASSPLGSSAETLYF
1155,CATETQVVGQLTF,CASSLGSQNTLYF
1156,CATDGRTQVVGQLTF,CASSLGSQNTLYF
1157,CATETQVVGQLTF,CASSQGSGNTLYF
1158,CALSEQQGTGSKLSF,CASSLRGDNSPLYF
1159,CALGDRTNSAGNKLTF,CASSLRGDNQAPLF
1160,CATTTQVVGQLTF,CASSPGGKETLYF
1161,CATDDGGSNAKLTF,CASSDYWGVEQYF
1162,CAASAGNTGKLIF,CASSKWGAVEAEQFF
1163,CAADTGNYKYVF,CASSIWGAYAEQFF
1164,CAVSMRGSSGNKLIF,CASSFRENTLYF
1165,CAAASSGSWQLIF,CASSDFSNSDYTF
1166,CAVSGGSSGNKLIF,CASSPLGASAETLYF
1167,CAVRPNTGKLTF,CASASDWGRQDTQYF
1168,CAAGNNYAQGLTF,CASSIWGAYAEQFF
1169,CAMREPNYNQGKLIF,CASSYRTDYAEQFF
1170,CAVSVSTNTGKLTF,CASGERDWGDEQYF
1171,CAATGNTGKLIF,CASSLIGLGEDTQYF
1172,CSASSTQVVGQLTF,CASSLGGSETLYF
1173,CARAGTQVVGQLTF,CASSSTGGDAEQFF
1174,CATANSGTYQRF,CASSLIGLGEDTQYF
1175,CAASAIASSSFSKLVF,CASSQDRRNSYNSPLYF
1176,CAMRVSGGSNAKLTF,CASSGGGNTGQLYF
1177,CALRNYGSSGNKLIF,CASSDHRNTEVFF
1178,CAMRAAGGSNAKLTF,CASSGGSNTGQLYF
1179,CAMRETRSGTYQRF,CASSGGSNTGQLYF
1180,CAMRDPMQQGTGSKLSF,CASRGGGHTGQLYF
1181,CAMRDYGSSGNKLIF,CASGETAGNTLYF
1182,CALGQGGRALIF,CASSLWASSYEQYF
1183,CALWELDTNAYKVIF,CASSGGSNTGQLYF
1184,CAVRVTGSGGKLTL,CASRDSANTEVFF
1185,CAMRDYGSSGNKLIF,CASGETAGNTLYF
1186,CAMRNSGGSNAKLTF,CASSGGSNTGQLYF
1187,CAVTSYQGGRALIF,CASSDARTTEVFF
1188,CAVSNNYAQGLTF,CASSADSAETLYF
1189,CAVGSNYNVLYF,CASSGDSAETLYF
1190,CAVSSNYAQGLTF,CAWSESSAETLYF
1191,CAVSNNYAQGLTF,CASSGLDSAETLYF
1192,CAVSDNYAQGLTF,CAWSPDSAETLYF
1193,CAVSSNYQLIW,CASSFWDSAETLYF
1194,CAVSSNYQLIW,CASSSDSNERLFF
1195,CAVSGNYAQGLTF,CASGDDSAETLYF
1196,CAVSHNYAQGLTF,CASGTDSAETLYF
1197,CAVSANYAQGLTF,CASSGRDSAETLYF
1198,CAVSSNYQLIW,CASSRSSAETLYF
1199,CAVSGNYAQGLTF,CAIAGSSAETLYF
1200,CAVSANYAQGLTF,CASRGLESAETLYF
1201,CAVSENYAQGLTF,CASSIDSAETLYF
1202,CAVSSNYAQGLTF,CASMGTSAETLYF
1203,CVVQDSNYQLIW,CASSLGLGLIYEQYF
1204,CAVSDNYAQGLTF,CTCSGLDSAETLYF
1205,CAVSNNYAQGLTF,CASSQDSAETLYF
1206,CAVSANYAQGLTF,CASRGQDSAETLYF
1207,CAASRGSNNRIFF,CASSIGGEVFF
1208,CVLSLDSNYQLIW,CASSGGAEVFF
1209,CALSPTGGYKVVF,CASTEGGEQYF
1210,CAVMSNYAQGLTF,CASSIGSEQFF
1211,CAVSLNYNQGKLIF,CASSGGNEQYF
1212,CAASNTGNYKYVF,CASTLGGEVFF
1213,CALGGGSNYKLTF,CASSSGGGVFF
1214,CVLSAGNTNKVVF,CASSFGERLFF
1215,CAVSHNTNTGKLTF,CASSLSSRGPNSDYTF
1216,CAATSNYNVLYF,CASSWDSAETLYF
1217,CAASNPGDNSKLIW,CASSDDWETLYF
1218,CALYTEGADRLTF,CASSERDWGGEQYF
1219,CAMREAGTGYQNFYF,CTCSADRENTEVFF
1220,CAASPNNNNAPRF,CTCSADRINQDTQYF
1221,CAARRYNQGKLIF,CASSSDSAETLYF
1222,CAVSANYNVLYF,CASGGDSSAETLYF
1223,CAVSGNYAQGLTF,CASSSDSAETLYF
1224,CAFDSNYQLIW,CTCSGRTSAETLYF
1225,CALSDPGYANKMIF,CASSDDTYAEQFF
1226,CATDYQGGRALIF,CASSQEDTSNERLFF
1227,CAVSLNSNNRIFF,CASSLGTDQDTQYF
1228,CAVSNNYAQGLTF,CAIRATSAETLYF
1229,CVLNYSNNRLTL,CASSLFPGQANSDYTF
1230,CAMRERNSNNRIFF,CASSDAPTSNERLFF
1231,CAVLNNYAQGLTF,CASSNLEAEQFF
1232,CAASSNMGYKLTF,CASSSPRDRGTSAETLYF
1233,CAVSNNYAQGLTF,CASSQDSAETLYF
1234,CAVRQQGTGSKLSF,CASSDNYNSPLYF
1235,CALSDRRSNNRIFF,CASSQDSYANTEVFF
1236,CALGPNYRNEKITF,CASSLTLQDTQYF
1237,CAVSPNSGGGNAKLTF,CASSQTGVEQYF
1238,CAASENYNQGKLIF,CASSLDRNTGQLYF
1239,CAVSPNSGGSNAKLTF,CASSQTGVEQYF
1240,CAASASSSFSKLVF,CASSASGRAEQFF
1241,CAAEAGVSGSFNKLTF,CASSIRKNTEVFF
1242,CALGPNYGNEKITF,CASSLTLQDTQYF
1243,CVLGDSNYQLIW,CASSFPGKGTGQLYF
1244,CAALNNVGDNSKLIW,CASGDKYAEQFF
1245,CALSGGNKVVF,CASSDAQWTNTEVFF
1246,CALIPNYNQGKLIF,CASSQDKGQANTEVFF
1247,CAVGTGGYKVVF,CASSETGDEQYF
1248,CALSDRDMGYKLTF,CASGETSQNTLYF
1249,CAASAWGGSNAKLTF,CASSGTGVGNTLYF
1250,CVVEDFGGSNAKLTF,CASSGGSAETLYF
1251,CALSDPGSFNKLTF,CASSQDLGTANTEVFF
1252,CALRMNYNQGKLIF,CASSGGSAETLYF
1253,CAVSANYAQGLTF,CASNPGQSAETLYF
1254,CAVSENYAQGLTF,CASSRDSAETLYF
1255,CAVSDNYQLIW,CASSFADSAETLYF
1256,CAVSANYNVLYF,CASSRDSAETLYF
1257,CAVSANYAQGLTF,CASSPPTDSAETLYF
1258,CAVSDNYAQGLTF,CASSFQDSAETLYF
1259,CAVSHNYAQGLTF,CASSLESAETLYF
1260,CAVSGNYAQGLTF,CASGGDSSAETLYF
1261,CAVTHNYAQGLTF,CASSRDSAETLYF
1262,CALNNAGAKLTF,CASSDGFYEQYF
1263,CAVSSNTNKVVF,CASSSDSAETLYF
1264,CAVSANNYAQGLTF,CASSWASAETLYF
1265,CAVSENYAQGLTF,CASSFGTYAEQFF
1266,CAVGNNYAQGLTF,CAWSGDSAETLYF
1267,CAVSDNNRIFF,CASSSDSAETLYF
1268,CAASDNYAQGLTF,CATGTGSSAETLYF
1269,CAVSENYAQGLTF,CASSSDSAETLYF
1270,CAASLASSGSWQLIF,CASSFGSAETLYF
1271,CAVSYNYAQGLTF,CAWTPDSAETLYF
1272,CAVSGNYAQGLTF,CASSLDSAETLYF
1273,CATGSNYQLIW,CASSQDSAETLYF
1274,CAVSANYAQGLTF,CASSSDSAETLYF
1275,CAASSNYNVLYF,CASSWASAETLYF
1276,CAVSSNYNVLYF,CASGGDSSAETLYF
1277,CAVSGNYAQGLTF,CASSFDSAETLYF
1278,CAVSENYAQGLTF,CASTRGESAETLYF
1279,CAVSYNYAQGLTF,CASSSDSAETLYF
1280,CAVSGNYAQGLTF,CASGGTDSAETLYF
1281,CAVSANYAQGLTF,CATGTGSSAETLYF
1282,CAASMDYANKMIF,CASGEPGQGQDTQYF
1283,CAASGGGDTNAYKVIF,CASSTGFYNSPLYF
1284,CAARDTNAYKVIF,CASGERRDRGDNERLFF
1285,CAVSANNYAQGLTF,CASGERRDRGDNERLFF
1286,CAVSHNYAQGLTF,CASGGDSAETLYF
1287,CAVGNNYAQGLTF,CASSRDSAETLYF
1288,CAVSENYAQGLTF,CASTGDSAETLYF
1289,CAVSYNYAQGLTF,CASSSDSAETLYF
1290,CAVSWNYAQGLTF,CASSSDSAETLYF
1291,CAVSDNYAQGLTF,CASSGSSAETLYF
1292,CAVSANYAQGLTF,CASSGGSNTGQLYF
1293,CAVSHNYAQGLTF,CASSWASAETLYF
1294,CAVSGNYAQGLTF,CASSLDSAETLYF
1295,CAVSNNYAQGLTF,CASSGDSAETLYF
1296,CAVSANYAQGLTF,CASSSDSAETLYF
1297,CAVSANTNKVVF,CASRGGESAETLYF
1298,CAVTSNYNVLYF,CASSLAQNTGQLYF
1299,CAVSDNYAQGLTF,CASGGDSAETLYF
1300,CAVSDNYAQGLTF,CASIPGLGGSAETLYF
1301,CAVSSNTNKVVF,CASTGTDSAETLYF
1302,CAVSYNYAQGLTF,CASSFDSAETLYF
1303,CAVSSNYNVLYF,CASSPGTGKNTLYF
1304,CAVSSNNRIFF,CASSSDSAETLYF
1305,CAVSDNYAQGLTF,CASGEPGQGQDTQYF
1306,CAVSGNMGYKLTF,CASSGTDSAETLYF
1307,CAATGGNNKLTF,CASSRLGSSAETLYF
1308,CAATGGNNKLTF,CASSRLGTSAETLYF
1309,CALSDRQGGSAKLIF,CASSFRGDNQAPLF
1310,CAATGGNNKLTF,CASSSWGVSAETLYF
1311,CAATGGNNKLTF,CASSRLGSSAETLYF
1312,CALSDRDSNYQLIW,CASSWKGDNSPLYF
1313,CATAGTQVVGQLTF,CASSLTGDYAEQFF
1314,CAPTSSGQKLVF,CASSLTGDYAEQFF
1315,CAASSSGSWQLIF,CASSPTGVAEQFF
1316,CAGSGSFNKLTF,CASSSMGGAAETLYF
1317,CAASDTNTGKLTF,CASSPLGTSAETLYF
1318,CATEAQVVGQLTF,CASSRQNSDYTF
1319,CAATGGNNKLTF,CASSRLGSSAETLYF
1320,CAANQGGSAKLIF,CASSGLGTSAETLYF
1321,CAVGGSNAKLTF,CASSPLGSSAETLYF
1322,CAVAPSNTNKVVF,CASSHGRGNTLYF
1323,CAVSGNYQLIW,CASGDTSAETLYF
1324,CAVSDNYAQGLTF,CASSSDSAETLYF
1325,CAVSTNNNAPRF,CASTGGSAETLYF
1326,CAAVMDSNYQLIW,CASSDGEQYF
1327,CAAGSGGSNYKLTF,CASSLDWGYEQYF
1328,CAVSFTGGNNKLTF,CASSPTGGDAETLYF
1329,CAVGETGNTGKLIF,CTCSAQTYEQYF
1330,CAASPRNTGYQNFYF,CASSDSKNTEVFF
1331,CALSGGGTGSKLSF,CASTGDRGEVFF
1332,CAVSMDYANKMIF,CASSQERGETYEQYF
1333,CAVSNNNNAPRF,CASSFNSAETLYF
1334,CAVSPLASSSFSKLVF,CASSLSGEGNTEVFF
1335,CAVSMDYANKMIF,CASSLGQAGDEQYF
1336,CAVSNNYAQGLTF,CASRGQTSAETLYF
1337,CILSRGSNYKLTF,CASSQGREQYF
1338,CVLGPSSNYQLIW,CASSFGQAPLF
1339,CALGDRVTGNYKYVF,CASSWDRGEQYF
1340,CAVSAGGGRALIF,CASSGTGGHERLFF
1341,CILSGGSNYKLTF,CASSEGREQYF
1342,CAVSLSGSFNKLTF,CASSDAGGQNTLYF
1343,CALVPSNTNKVVF,CASSLGGYEQYF
1344,CAVSDNYAQGLTF,CASSTESAETLYF
1345,CAVSDNYAQGLTF,CASSSDSAETLYF
1346,CAPHNTNTGKLTF,CASWGDSAETLYF
1347,CAVSDNYAQGLTF,CASSSDSAETLYF
1348,CAVSGNYAQGLTF,CASSSDSAETLYF
1349,CAVSGNYAQGLTF,CASSGTDSAETLYF
1350,CATGSTGNYKYVF,CASSPGTGGDTEVFF
1351,CALTPNYNQGKLIF,CASSAGTSEVFF
1352,CAVLTGGYKVVF,CASSAGTSEVFF
1353,CAASEGSALGRLHF,CASSIRNYAEQFF
1354,CAASEDYNQGKLIF,CASSINRGNTLYF
1355,CAASMDSNYQLIW,CASSQGPDYTF
1356,CALSDRDYAQGLTF,CASSLDWGGVNQDTQYF
1357,CVLGIEYYAQGLTF,CASSTGTPNSDYTF
1358,CALTENYNQGKLIF,CASSDAGGARVFF
1359,CALTPNYNQGKLIF,CASSEGVTEVFF
1360,CAASMNRGSALGRLHF,CASTGAGNTLYF
1361,CAASENYNQGKLIF,CASSQDRNTGQLYF
1362,CAARPSSSFSKLVF,CASSGTGQDTQYF
1363,CALTPNYNQGKLIF,CASGDAGTGVYAEQFF
1364,CAARASSSFSKLVF,CASSRTGQDTQYF
1365,CAVSTGANTGKLTF,CASSGTGQNTQYF
1366,CALTPNYNQGKLIF,CASSPLTGGAYEQYF
1367,CALTPNYNQGKLIF,CASSEGITEVFF
1368,CALSDRDSNNRIFF,CASGAGPYEQYF
1369,CAAPSSSFSKLVF,CASSDHRATEVFF
1370,CALGDPPNTGKLTF,CASTSGVGQDTQYF
1371,CAARASSSFSKLVF,CASSGTGQDTQYF
1372,CALWELAGYAQGLTF,CASSSTGRNTQYF
1373,CAANQGGSAKLIF,CTCSAGTGGYNYAEQFF
1374,CAMTSYGSSGNKLIF,CTCSGGTGGYNYAEQFF
1375,CAVSANYAQGLTF,CATGTGSSAETLYF
1376,CAVSRYGSSGNKLIF,CTCSGGTGGYNYAEQFF
1377,CAMTSYGSSGNKLIF,CATGTGSSAETLYF
1378,CAMREVASSSFSKLVF,CTCSASPERLFF
1379,CAASAELTGNTGKLIF,CASSQDGSQNTLYF
1380,CALGDGTGGYKVVF,CASSAGTGGFNYAEQFF
1381,CAVSANYAQGLTF,CTCSGGTGGYNYAEQFF
1382,CASDTNTGKLTF,CASSFGTANSDYTF
1383,CAVSGNYAQGLTF,CASSPTSAETLYF
1384,CAVDSNYQLIW,CASSQDSAETLYF
1385,CAVSGDYSNNRLTL,CASSGDSAETLYF
1386,CAVTFNYAQGLTF,CASSLDSAETLYF
1387,CAASSNTNKVVF,CASSLPDSAETLYF
1388,CAVSDNYAQGLTF,CASSPGDSAETLYF
1389,CAVSGNYAQGLTF,CAWTASSNERLFF
1390,CAVSANYAQGLTF,CASGGGDSAETLYF
1391,CAMRENYGSSGNKLIF,CASSTGINQDTQYF
1392,CAVSANYAQGLTF,CASGGLDSAETLYF
1393,CAVSHNYAQGLTF,CASSGDSAETLYF
1394,CAVSGNYAQGLTF,CASRDWDSAETLYF
1395,CAVSGNYAQGLTF,CAWTGTSAETLYF
1396,CAMTGNAPRF,CASSQAERTNTGQLYF
1397,CAVTGNYKYVF,CASSLDSAETLYF
1398,CAASSDVGDNSKLIW,CASSDGTEVFF
1399,CAVSHNYAQGLTF,CASSSDSAETLYF
1400,CAVSGNYAQGLTF,CASSQDSAETLYF
1401,CAVSDNYAQGLTF,CASSWDSQNTLYF
1402,CAVSGNYAQGLTF,CASGGTDSAETLYF
1403,CAVSTNYAQGLTF,CASSQDSAETLYF
1404,CAVSSNYAQGLTF,CASSLDSAETLYF
1405,CAASVDYANKMIF,CASGDPGIQDTQYF
1406,CAMRTSSGQKLVF,CASSGGSNTGQLYF
1407,CAVSGNYAQGLTF,CAWTASSNERLFF
1408,CAVSANYAQGLTF,CATTGSSAETLYF
1409,CAVSGNYAQGLTF,CACGGTDSAETLYF
1410,CAVSANYAQGLTF,CASSGDSAETLYF
1411,CAVSGNYAQGLTF,CASSDDSAETLYF
1412,CAVSGNYAQGLTF,CASSQDSAETLYF
1413,CAVSTNSNNRIFF,CASSGSSAETLYF
1414,CAVSGNYAQGLTF,CASGEDSAETLYF
1415,CAIDRRSNYNVLYF,CAWTGFSNERLFF
1416,CAVSANYNVLYF,CASSSDSAETLYF
1417,CAVSDNYAQGLTF,CASSLDSAETLYF
1418,CAVTNNYAQGLTF,CASSPDSAETLYF
1419,CALPSSGNKLIF,CASTGTSNERLFF
1420,CAVSDNYAQGLTF,CASSGHSAETLYF
1421,CAVSNNYAQGLTF,CTCSGDSAETLYF
1422,CAARLTGNTGKLIF,CASSTGGAYEQYF
1423,CAIDRRSNYNVLYF,CASSLHRANTEVFF
1424,CALRGATSSGQKLVF,CASSGDSAETLYF
1425,CAVSSNYNVLYF,CASNGGSSAETLYF
1426,CALEGYTGNYKYVF,CASGDREEQYF
1427,CAVGGNYQLIW,CASSRDSAETLYF
1428,CAVSENYAQGLTF,CASRGHSSAETLYF
1429,CAVSDNYAQGLTF,CASSSTSAETLYF
1430,CAVSGNYAQGLTF,CASSRDSAETLYF
1431,CAVGNNYAQGLTF,CASSRDSAETLYF
1432,CAVSSNTNKVVF,CASSSPDSAETLYF
1433,CAALTTASLGKLQF,CASGDDDAEQFF
1434,CAVSGGYKVVF,CASSFTGGTGQLYF
1435,CAVSSNTNKVVF,CASSSDSAETLYF
1436,CAVSANYAQGLTF,CASSNLDSAETLYF
1437,CAVSDNYAQGLTF,CAWSLGDSAETLYF
1438,CAVSYNNNAPRF,CASSSDSAETLYF
1439,CAVSRNYAQGLTF,CASGGDSAETLYF
1440,CAAGDTGYQNFYF,CASSPYWGARGAETLYF
1441,CAVSGNYAQGLTF,CASSFRDSAETLYF
1442,CAVSANYAQGLTF,CASRDLDSAETLYF
1443,CAASRGSNNRIFF,CASSIGSEQYF
1444,CALSGTGSNRLTF,CASSIGERLFF
1445,CALHSGGSNAKLTF,CASTMGERLFF
1446,CALSMRTEGADRLTF,CASSQEGDSYEQYF
1447,CILRVGATGGNNKLTF,CASSHDRGQLYF
1448,CALSDRPSSGQKLVF,CASSQEGGPNSDYTF
1449,CALSYTGNYKYVF,CASSQGDTQYF
1450,CALGEGSNYQLIW,CASSSYEQYF
1451,CILRVGATGGNNKLTF,CASSLDRGQVFF
1452,CALGGGSNYKLTF,CASSLGERLFF
1453,CAASRGSNNRIFF,CASSLGGYEQYF
1454,CILNGGSNYKLTF,CASSFGQAPLF
1455,CALGGGSNYKLTF,CASTSGTGVVFF
1456,CAVSGGATGGNNKLTF,CASSPDRGALYF
1457,CALGEGSNYQLIW,CASSSYEQYF
1458,CALGAGNTGNYKYVF,CASSGDWGGETLYF
1459,CVLSPSNTNKVVF,CASSLGERLFF
1460,CALGAGSNYQLIW,CASSSGETLYF
1461,CILRVGATGGNNKLTF,CASSPDRGALYF
1462,CALTGNTGKLIF,CASSQETGGVTYEQYF
1463,CALHSGGSNAKLTF,CASSSYEQYF
1464,CALGAQGGRALIF,CASSHDRGQLYF
1465,CAVSGGATGGNNKLTF,CASSPDRGALYF
1466,CAASRGSNNRIFF,CASSIGGEVFF
1467,CAASRGSNNRIFF,CASSIGGEQYF
1468,CALTSNQGKLIF,CASSDADWGVGETLYF
1469,CALVPSNTNKVVF,CASSLGGYEQYF
1470,CALTDHQPGTGSNRLTF,CASSSGETLYF
1471,CVLSAWGGRALIF,CASSRETGVSYEQYF
1472,CILSGGSNYKLTF,CASSLGAEQFF
1473,CALSPSSGSWQLIF,CASGDRDWEVYEQYF
1474,CALGAQGGRALIF,CASSGNAEQFF
1475,CALVPSNTNKVVF,CASSLSGYEQYF
1476,CALSDGGTGSKLSF,CASSPDRGEQYF
1477,CALGEGSNYQLIW,CASSSYEQYF
1478,CALEGGSNYKLTF,CASSGGSTLYF
1479,CILLGGSNYKLTF,CASSLFGEQYF
1480,CILRAGATGGNNKLTF,CASSPDRGRLFF
1481,CAASRGSNNRIFF,CASSIGGEQYF
1482,CALSATSGSWQLIF,CASSLRDWENAEQFF
1483,CILRVGATGGNNKLTF,CASSPDRGQVFF
1484,CAKTGGYKVVF,CASSERDREDEQYF
1485,CVLGYNTNTGKLTF,CASTGGYEQYF
1486,CALGDRYSNNRIFF,CGSAGGAEQYF
1487,CALAPRGSNYQLIW,CASWDSNQAPLF
1488,CALGGGSNYKLTF,CASSSYEQYF
1489,CAVSAGGGYKVVF,CASSETGGHSDYTF
1490,CALAGGSNYKLTF,CASSSYEQYF
1491,CALCGGSNYKLTF,CASSLGGEQYF
1492,CALSASNTNKVVF,CASSTGAEQFF
1493,CVLSARNNRIFF,CASSISLRQFSAETLYF
1494,CAAYSGGSNYKLTF,CASSFGGEVFF
1495,CALGRGSNYQLIW,CASSTGSEVFF
1496,CIPLGGSNYKLTF,CASSAPNTLYF
1497,CAMRVSGGSNAKLTF,CAWSLGTGISDYTF
1498,CATRTGGYKVVF,CASSPEQRSSGNTLYF
1499,CAMREPQGTGSKLSF,CASRGGGNTGQLYF
1500,CAVSEGGANTGKLTF,CASSLDRRNSYNSPLYF
1501,CAVKDNYAQGLTF,CASSQDRRSSYNSPLYF
1502,CATRTGGYKVVF,CASSRGPSSYEQYF
1503,CAMRANSGTYQRF,CASSGGANTGQLYF
1504,CAACTSSGQKLVF,CASSLDRRNSYNSPLYF
1505,CAAGGGGSNAKLTF,CASSDWGGKDTQYF
1506,CAMREGRSNYQLIW,CASRGGSNTGQLYF
1507,CAGTPNTNKVVF,CASSIFRGRRTLYF
1508,CAVRNRIFF,CASSGGQGNSPLYF
1509,CALSPANSGTYQRF,CASSQDRTGEYEQYF
1510,CAASEGSGSWQLIF,CASSLKRGGYAEQFF
1511,CAMRERTNAYKVIF,CASSRDRSYEQYF
1512,CATRTGGYKVVF,CASSPGPSSYEQYF
1513,CAASSGTYQRF,CASSQDRRNSYNSPLYF
1514,CALGRPPSTNAYKVIF,CASSLADWGGRSSYEQYF
1515,CAMREGMGYSNNRLTL,CASSGGSNTGQLYF
1516,CAMRVSGGSNAKLTF,CASSGGANTGQLYF
1517,CAVSANYAQGLTF,CASGADSAETLYF
1518,CAMRVSGGSNAKLTF,CASSGGANTGQLYF
1519,CAVRGSALGRLHF,CGARDRDWGQNTLYF
1520,CVLSASSNNRIFF,CASSLARDEQYF
1521,CAVNYGSSGNKLIF,CASSLDRRNSYNSPLYF
1522,CAMREKMNYNQGKLIF,CASNSGTEVFF
1523,CAMRDGSSGNKLIF,CASKGGGGTGQLYF
1524,CAVRGAGAKLTF,CASSQDMGGYSYEQYF
1525,CAASEGSGSWQLIF,CASSLKRGGYAEQFF
1526,CAVTAYQGGRALIF,CASSDARTTEVFF
1527,CALRNNNNAPRF,CGARDGGGEQYF
1528,CVVGRGNEKITF,CASSGGANTGQLYF
1529,CAMRSSGGSNAKLTF,CASSGGSNTGQLYF
1530,CAMRESGGSNAKLTF,CASSGGANTGQLYF
1531,CAMRPSNSAGNKLTF,CASKGGSNTGQLYF
1532,CAMRASGGSNAKLTF,CGARGLGRAEQFF
1533,CALYNTNTGKLTF,CASSLGGQKNTLYF
1534,CATDGSNYNVLYF,CASSRGDYAEQFF
1535,CALSDRGSALGRLHF,CASSPGTGGAETLYF
1536,CAASSGGNYKPTF,CASSPGMLEQYF
1537,CAASNTNKVVF,CASSIGDTGQLYF
1538,CAADDSGYNKLTF,CASSLAHQDTQYF
1539,CAADNVGDNSKLIW,CASSLLQLQDTQYF
1540,CAADDSGYNKLTF,CASSIGQYNSPLYF
1541,CASSSGSWQLIF,CASSLLLGVYAEQFF
1542,CALSNTGYQNFYF,CASSIGDYAEQFF
1543,CAALVDSNYQLIW,CASSIGQYNSPLYF
1544,CAVRSGSGGKLTL,CASSPGTNTEVFF
1545,CAASGQDSNYQLIW,CASSIGQYNSPLYF
1546,CAASTPSSFSKLVF,CASSPGTGGTERLFF
1547,CATDTGNYKYVF,CASSLSQGARAEQFF
1548,CAASEDTGNYKYVF,CASSPGMLEQYF
1549,CATDGSNYNVLYF,CASSLSQGARAEQFF
1550,CAASSGGNYKPTF,CASSIDLTGTYEQYF
1551,CAASAANKMIF,CASSPGMLEQYF
1552,CAADDSGYNKLTF,CASSAGSWDTQYF
1553,CAASNTNKVVF,CASSWGDYAEQFF
1554,CAADDSGYNKLTF,CASSSGTGYTEVFF
1555,CVVGVGGSSGNKLIF,CASSGGGNTGQLYF
1556,CAASRGSNNRIFF,CTCSADYRNSYNSPLYF
1557,CAARGKNYNQGKLIF,CASSGGGNTGQLYF
1558,CAVSGNYAQGLTF,CTCSADYRNSYNSPLYF
1559,CVVGAGVDTNTRKLTF,CAWSLAGYEQYF
1560,CAVNPGYQNFYF,CTCSADYRNSYNSPLYF
1561,CAMRENTGYQNFYF,CGARDGGGEVFF
1562,CAVSANYAQGLTF,CTCSADYRNSYNSPLYF
1563,CAASDSNNRIFF,CASSQDRRNSYNSPLYF
1564,CAVSGNYAQGLTF,CASSILGGGAETLYF
1565,CAVSGNYAQGLTF,CGARDGGGEVFF
1566,CAVSSNYNVLYF,CTCSGWESSYEQYF
1567,CAVSDNYAQGLTF,CGARDGGGEVFF
1568,CAASMDYANKMIF,CTCSGWESSYEQYF
1569,CAMRISGGSNAKLTF,CASSLWGGNEQYF
1570,CAVSYNYAQGLTF,CASRGGANTGQLYF
1571,CAVSANYAQGLTF,CASSGGANTGQLYF
1572,CAVNPGYQNFYF,CASSLGDSLYNSPLYF
1573,CAVSPASSGSWQLIF,CASSGGGNTGQLYF
1574,CAVSDNYAQGLTF,CTCSADYRNSYNSPLYF
1575,CATGYGSSGNKLIF,CGARDGGGEVFF
1576,CAMRDPNGSSGNKLIF,CASSGGANTGQLYF
1577,CAVTFNNNNAPRF,CASSGGANTGQLYF
1578,CAVAGTGGYKVVF,CASNDNYNSPLYF
1579,CILRVTGSGGKLTL,CASSSWGGARAEQFF
1580,CAMRLKGNTGKLIF,CASSILGGGAETLYF
1581,CAMREGVGYGSSGNKLIF,CASSGGSNTGQLYF
1582,CAMREGRAQGLTF,CASSGGANTGQLYF
1583,CAVLSNYAQRLTF,CASSQDRRNSYNSPLYF
1584,CAMRGSGGSNAKLTF,CASSGGANTGQLYF
1585,CAANNYAQGLTF,CASSQDRRNSYNSPLYF
1586,CAMREGRGGGSNYKLTF,CASSQDLGGRYEQYF
1587,CAVLSNYAQGLTF,CASSQDRRNSYNSPLYF
1588,CAENYGSSGNKLIF,CASSQDRRSSYNSPLYF
1589,CAMRLNSGTYQRF,CASSGGALTGQLYF
1590,CAARVTGSGGKLTL,CASRDSANTEVFF
1591,CAVRPYQGGRALIF,CASSRDWNTGQLYF
1592,CAVSFYGSSGNKLIF,CTCSAGTGGYNYAEQFF
1593,CALSDQPTNAYKVIF,CASSPGTGGYNYAEQFF
1594,CVLGDSGGSNAKLTF,CASGDRTGGYNYAEQFF
1595,CAASMSGYNKLTF,CASSRDQNTGQLYF
1596,CAAILYGSSGNKLIF,CTCSAGTGGYNYAEQFF
1597,CAMSEGTGGYKVVF,CASSPGTGGYNYAEQFF
1598,CAASEHGRNSGTYQRF,CASSRDQNTGQLYF
1599,CALSESSGSWQLIF,CASSDPGGAGAETLYF
1600,CAALNYGSSGNKLIF,CTCSGGTGGYNYAEQFF
1601,CALSDHDTNAYKVIF,CASSSGGGSQNTLYF
1602,CAMTLYGSSGNKLIF,CTCSAGTGGYNYAEQFF
1603,CALYSNNRIFF,CASSFTANSDYTF
1604,CAAITTGGNNKLTF,CASSRDWGPEDTQYF
1605,CAMREDDTGNYKYVF,CASSFRGDYAEQFF
1606,CAVSADTNTGKLTF,CASGDRDWGDEQYF
1607,CSADSTQVVGQLTF,CASSLGGGGQLYF
1608,CAANTNAYKVIF,CASSFRGDTEVFF
1609,CAASGGSNAKLTF,CASSRLGVSAETLYF
1610,CVLRNRGSALGRLHF,CASSSGGDWGFNQDTQYF
1611,CATDARTQVVGQLTF,CASSLGGQNTLYF
1612,CAVRDQGGRALIF,CASSLVGQGPDYTF
1613,CAASGNYQLIW,CASGGDWGLNQDTQYF
1614,CALSEVYSNNRLTL,CASSLLGDYAEQFF
1615,CAASGGSNAKLTF,CASSRLGVSAETLYF
1616,CAANTNAYKVIF,CASSYRGDTEVFF
1617,CALSGQVVGQLTF,CASSLMGAPYEQYF
1618,CTTNKESSDNKLIF,CASSPLGASAETLYF
1619,CAASQGGSAKLIF,CASSQLGTSAETLYF
1620,CAVSVMGYKLTF,CASSDQQGLSAETLYF
1621,CALSDRDTNTGKLTF,CASSFRGDYAEQFF
1622,CAMRDNTGANTGKLTF,CASSLRERAETLYF
1623,CATDAHTGNYKYVF,CASSFRGDYAEQFF
1624,CAVSLTGYQNFYF,CASSLRQGNTEVFF
1625,CAASGYSGGSNYKLTF,CASSPLGSSAETLYF
1626,CATDARTQVVGQLTF,CASSLTSNSDYTF
1627,CAAEGTASLGKLQF,CASSFSGLYEQYF
1628,CASRTQVVGQLTF,CASSLAREDTQYF
1629,CAVSMSMGYKLTF,CASSLEDWGKDTQYF
1630,CAMREASNYNVLYF,CASSFRGDQNTLYF
1631,CATETQVVGQLTF,CASSLTSNSDYTF
1632,CATPGTQVVGQLTF,CASSSPGLGDYAEQFF
1633,CALSGYGNEKITF,CASSHLGSYEQYF
1634,CGFTGGNNKLTF,CASSPLGGSAETLYF
1635,CALSATNAYKVIF,CAWSPLTGGESGNTLYF
1636,CATETQVVGQLTF,CASSLGGQNTLYF
1637,CALSDLPGTGSNRLTF,CASSQNWGGAETLYF
1638,CALSDTGGLSDIQNP,CASSDVGTINERLFF
1639,CATDPRTQVVGQLTF,CASSLASQDTQYF
1640,CALSDRPSNTNKVVF,CSSRDGGASYEQYF
1641,CAVTGGNNKLTF,CASSRLGSSAETLYF
1642,CAARDTNAYKVIF,CATPLGPWEQYF
1643,CAASNTNTGKLTF,CASSPLGSSAETLYF
1644,CAATYYNVLYF,CASSGTGIHEQYF
1645,CAARNYGSSGNKLIF,CTCSAGTGGYNYAEQFF
1646,CAAATSSGQKLVF,CASSGTANSDYTF
1647,CAATGGNNKLTF,CASSRLGASAETLYF
1648,CAASDANTGKLTF,CASSPLGASAETLYF
1649,CAATGGNNKLTF,CASSRLGASAETLYF
1650,CATEAQVVGQLTF,CASSFSANSDYTF
1651,CAMSEGTGGYKVVF,CAWSPGTGGYNYAEQFF
1652,CALSDGNYAQGLTF,CASSLPGGDTEVFF
1653,CAADTGANTGKLTF,CASSDWGEADTQYF
1654,CAVSADTNTGKLTF,CASGDRDWGDEQYF
1655,CALGEMSNYNVLYF,CASSGTGEDEQYF
1656,CAGDSNYQLIW,CASRGQSSAETLYF
1657,CAASNDQGKLIF,CASSSMGASAETLYF
1658,CATDGTQVVGQLTF,CASSLGGRFEQYF
1659,CALSSNYQLIW,CASSYWGGSYEQYF
1660,CATDAKAQVVGQLTF,CASSLQGGEQYF
1661,CAVSAGSNNRIFF,CASSPGLGGHYEQYF
1662,CAATGGSNAKLTF,CASSRLGTSAETLYF
1663,CALRPSNTGANTGKLTF,CASSDLDRSYEQYF
1664,CAVSGERSSGNKLIF,CASSNDWGVDAEQFF
1665,CALGDRSSGSWQLIF,CASSFRGDYAEQFF
1666,CATDAPQVVGQLTF,CASSLGGVSYKQYF
1667,CVLSAENNAGAKLTF,CASSRNWGAQDTQYF
1668,CALTEGADRLTF,CASSGPNSDYTF
1669,CAMRENYNQGKLIF,CASGDGTGGDTQYF
1670,CAAAAGNTGKLIF,CASSRLGASAETLYF
1671,CAASSGGSNAKLTF,CASSLEDWGDSQNTLYF
1672,CAASGGYKVVF,CASSSLGSSAETLYF
1673,CVLGTNSAGNKLTF,CASSWTGEDTLYF
1674,CAVSANYNVLYF,CASSHDSAETLYF
1675,CAASAIGGYKVVF,CASSLDPGEQYF
1676,CAVSGNYAQGLTF,CTCSGTDSAETLYF
1677,CAASANYGNEKITF,CASSDSGYEQYF
1678,CAVSDNYAQGLTF,CAIETTSAETLYF
1679,CAVSANYAQGLTF,CASGEDSAETLYF
1680,CAASPDYNQGKLIF,CASSDLREGGEQYF
1681,CALSMGQGGRALIF,CASSDAGQIYEQYF
1682,CAVSRNYAQGLTF,CASSPDSAETLYF
1683,CAVSNNYAQGLTF,CASTGTSAETLYF
1684,CAVSNNYAQGLTF,CASSRDSAETLYF
1685,CILRVDSGGSNAKLTF,CASSDWGGAETLYF
1686,CAVSANYAQGLTF,CASGGGDSAETLYF
1687,CAVSSNYAQGLTF,CTCSGDSAETLYF
1688,CAVSANYAQGLTF,CASSGDSAETLYF
1689,CAVSSNYAQGLTF,CASSLSDSAETLYF
1690,CAVSGNEKITF,CASGGDSSAETLYF
1691,CALSDPGGSNAKLTF,CASGDGQNYAEQFF
1692,CAVSGNYAQGLTF,CASSLDSAETLYF
1693,CAVSDNYAQGLTF,CASSFSSAETLYF
1694,CAVSDNYAQGLTF,CASSPDSTGQLYF
1695,CAVSDNYAQGLTF,CASGGDSSAETLYF
1696,CAMRDFNTGKLTF,CASSRDSAETLYF
1697,CALDNVLYF,CTCSGDSAETLYF
1698,CAVGHNYAQGLTF,CASSIDSAETLYF
1699,CAVSSNNNNAPRF,CTCSGDSAETLYF
1700,CAVSRRGSNYQLIW,CASSGDSAETLYF
1701,CAVGNNYAQGLTF,CASSRDSAETLYF
1702,CAVSANNYAQGLTF,CARRQGSAETLYF
1703,CAVSGNYAQGLTF,CASSFRDSAETLYF
1704,CAVSDNYAQGLTF,CASRPTTSAETLYF
1705,CAAGVYGSSGNKLIF,CASSLTDTEVFF
1706,CAVNSNYQLIW,CASSPDSAETLYF
1707,CAVSDNYAQGLTF,CAWSLEDSAETLYF
1708,CAVSETGNTGKLIF,CASSLQNSDYTF
1709,CAVSTNYAQGLTF,CASSRDSAETLYF
1710,CAVGNNYAQGLTF,CASSGDSAETLYF
1711,CAVSGNYAQGLTF,CASSQDSAETLYF
1712,CAVSGDSNYQLIW,CASSLKGTEVFF
1713,CALRGDSNYQLIW,CASSFGTGNYAEQFF
1714,CAAPDTNAYKVIF,CASSLPEGPTGQLYF
1715,CAASADTNAYKVIF,CASSPGANSDYTF
1716,CAADTGNYKYVF,CASSTGDYAEQFF
1717,CAASSGSSGNKLIF,CASSNWGTNTGQLYF
1718,CATRTQVVGQLTF,CASSLAREDTQYF
1719,CAASGGGSSGNKLIF,CASSRLGVSAETLYF
1720,CSASGTQVVGQLTF,CASSLLGDYEQYF
1721,CAASKIKAHASSGSWQLIF,CTCSAGDWGDEQYF
1722,CASTGGNNKLTF,CASSLRGDNSPLYF
1723,CAATGGNNKLTF,CASSRLGTSAETLYF
1724,CAASGGGGSSGNKLIF,CASSRLGTSAETLYF
1725,CAVRGFSGSWQLIF,CASSFQGANTEVFF
1726,CATETQVVGQLTF,CASSPGSGNTLYF
1727,CAGTGGNNKLTF,CASSRLGTSAETLYF
1728,CALSEDAGAKLTF,CASNRREYNSPLYF
1729,CILRVEWEGQGTGSKLSF,CASSFRGDNSPLYF
1730,CAAAGGNNKLTF,CASSSLGSSAETLYF
1731,CAPSGTQVVGQLTF,CASSQGNQDTQYF
1732,CAATGGNNKLTF,CASSRLGTSAETLYF
1733,CATTTQVVGQLTF,CASSLDVRDTGQLYF
1734,CAMREGDTGNYKYVF,CASSFRGDSQAPLF
1735,CAAYVGDNSKLIW,CASSRAGNTGQLYF
1736,CATDAETQVVGQLTF,CASSLGTENTLYF
1737,CAMSEGTGGYKVVF,CASSPGTGGYNYAEQFF
1738,CALGDGTGGYKVVF,CASSDGTGGYNYAEQFF
1739,CAASNYGSSGNKLIF,CTCSAGTGGYNYAEQFF
1740,CALGDGTGGYKVVF,CTCSAGTGGYNYAEQFF
1741,CVVGLNYGSSGNKLIF,CTCSAGTGGFNYAEQFF
1742,CAQTGGNYKPTF,CASSQEDGNTLYF
1743,CVLGVYGSSGNKLIF,CASSLGDTQYF
1744,CALGDGTGGYKVVF,CASSIRTGGYNYAEQFF
1745,CALGEGTGGYKVVF,CASSAGTGGYNYAEQFF
1746,CALGDGTGGYKVVF,CASSTGTGGYNYAEQFF
1747,CAVYSGGSNAKLTF,CASSEQGYEQYF
1748,CALSRAGNKLTF,CASSRDWGGYAEQFF
1749,CAASRYGSSGNKLIF,CTCSAGTGGYNYAEQFF
1750,CAASGSNYNVLYF,CASSRDWNTGQLYF
1751,CAASSYGSSGNKLIF,CTCSAGTGGYNYAEQFF
1752,CAALNSAGNKLTF,CASSQEKDWGYEQYF
1753,CALAGTGGYKVVF,CASSPGTGGYNYAEQFF
1754,CVLSHYGSSGNKLIF,CTCSAGTGGYNYAEQFF
1755,CAASENYGSSGNKLIF,CTCSAGTGGYNYAEQFF
1756,CAAANSGTYQRF,CASSSGTGYSDYTF
1757,CVLSGYNQGKLIF,CASNRDRGAEQFF
1758,CVLSLYGSSGNKLIF,CTCSPGTGGYNYAEQFF
1759,CALGEGNNRIFF,CASSQDRGNTLYF
1760,CAASAVSGYNKLTF,CTCSGGTGGYNYAEQFF
1761,CALSTYGSSGNKLIF,CTCSAGTGGYNYAEQFF
1762,CVLGDGTGGYKVVF,CASSPGTGGYNYAEQFF
1763,CAASNYGSSGNKLIF,CTCSAGTGGYNYAEQFF
1764,CAVGYYGSSGNKLIF,CTCSAGTGGYNYAEQFF
1765,CAMSEGTGGYKVVF,CASSPGTGGYNYAEQFF
1766,CAAGQGGSAKLIF,CTCSGGTGGYNYAEQFF
1767,CALGDGTGGYKVVF,CTCSAGTGGYNYAEQFF
1768,CALGIYGSSGNKLIF,CTCSGGTGGYNYAEQFF
1769,CVLGDGTGGYKVVF,CAWSGRTGGYNYAEQFF
1770,CAMSDRAGGYKVVF,CASSPSTGGYNYAEQFF
1771,CAASGAGGYKVVF,CASSTGTGGYNYAEQFF
1772,CAMSEGTGGYKVVF,CASSPGTGGYNYAEQFF
1773,CAMRAYGSSGNKLIF,CTCSAGTGGYNYAEQFF
1774,CAASGAGGYKVVF,CASSPGTGGYNYAEQFF
1775,CALSDGTGGYKVVF,CASSPGTGGYNYAEQFF
1776,CAASTYGSSGNKLIF,CTCSAGTGGYNYAEQFF
1777,CARGNEKITF,CTCSAGTGGYNYAEQFF
1778,CALSEYGSSGNKLIF,CTCSAGTGGYNYAEQFF
1779,CAVSHNYAQGLTF,CAWPSTSAETLYF
1780,CALGEGGYQNFYF,CASSFAGGGAETLYF
1781,CAVSHNYAQGLTF,CASSLDSAETLYF
1782,CAILSNYNVLYF,CASSGTGDTGQLYF
1783,CAVSTNYAQGLTF,CASSGNSAETLYF
1784,CALVLYNTNTGKLTF,CSYGTTSAETLYF
1785,CAVSMGGTGSKLSF,CASSAGRGNTLYF
1786,CAMRDMNSNNRIFF,CASRGGARTGQLYF
1787,CAMREPASSGSWQLIF,CASRGGANTGQLYF
1788,CAARTEGADRLTF,CASRDSANTEVFF
1789,CAMRAYGSSGNKLIF,CASKGGANTGQLYF
1790,CATRTGGYKVVF,CASSPGPSSYEQYF
1791,CAASRPGTGSNRLTF,CASSETGRRTEVFF
1792,CVLSAASNNRIFF,CASSLARDTQYF
1793,CAARGSNAKLTF,CASSDATKTEVFF
1794,CAMRVSGGSNAKLTF,CASSGGSNTGQLYF
1795,CAMRGSGGSNAKLTF,CASSGGANTGQLYF
1796,CALRSSNTNKVVF,CASSWGGRSSDYTF
1797,CAATGGNNKLTF,CASSTLGTSAETLYF
1798,CALSDDPDSGGSNYKLTF,CASSDADWGTYAEQFF
1799,CALGDRSNMGYKLTF,CASRNRGDYAEQFF
1800,CALPGTQVVGQLTF,CASSLGTGDTGQLYF
1801,CAATGGNNKLTF,CASSRLGASAETLYF
1802,CALGPPMSNAKLTF,CASSRLGASAETLYF
1803,CALSGGTGGYKVVF,CASSSGFNYAEQFF
1804,CALSDGGGSNYKLTF,CTCSADEGFYAEQFF
1805,CAASESSSFSKLVF,CASSKFANTEVFF
1806,CVLGDRAGGYKVVF,CASSPGTGGYNYAEQFF
1807,CAASRDNRIFF,CASSRGWGGPENTLYF
1808,CAMSEGTNYNVLYF,CASSAGQGDNYAEQFF
1809,CAATGGNNKLTF,CASSRLGTSAETLYF
1810,CATAGTQVVGQLTF,CASSLGTGDYAEQFF
1811,CAASGGSNAKLTF,CASSRDWGGQDTQYF
1812,CAVRHSNYQLIW,CASSDGGAGNTLYF
1813,CVVGDSNYQLIW,CASSSGRGDTQYF
1814,CALEGKDGNEKITF,CASSPGQYYAEQFF
1815,CAADSGGNYKPTF,CASSPGASSDYTF
1816,CAVRDTNTGKLTF,CASSPGTGGWAPLF
1817,CALSEGTQVVGQLTF,CASSWGLGNYAEQFF
1818,CAASRGSNNRIFF,CASSIGDEQYF
1819,CALGTGGYKVVF,CASDLGGKDTQYF
1820,CILSGGSNYKLTF,CASSFGREQYF
1821,CAMREGGATGGNNKLTF,CASSDARLGVDTQYF
1822,CAMREGPDYNQGKLIF,CAWSAYGDNYAEQFF
1823,CALSSYRGSALGRLHF,CASSWGGALAEQFF
1824,CAADMDSNYQLIW,CASAGGANTEVFF
1825,CVLSGTGYQNFYF,CASSMGTGFSDYTF
1826,CAATINSGTYQRF,CASSQGAYSDYTF
1827,CAASGTGGYKVVF,CASSVGTLNYAEQFF
1828,CATPDQGGRALIF,CASSMGQGWEQYF
1829,CAMREGLGNNRIFF,CASGDAGSSYEQYF
1830,CAVSENYNVLYF,CASSPDSAETLYF
1831,CAVSSNYNVLYF,CASSGNSAETLYF
1832,CAVSENYAQGLTF,CASGGDSAETLYF
1833,CAVSGNYAQGLTF,CASSQDSAETLYF
1834,CAVSANYAQGLTF,CASRGTDSAETLYF
1835,CAVSANYAQGLTF,CASSGSSAETLYF
1836,CAVSGNYAQGLTF,CASMSGSAETLYF
1837,CAVSNNYAQGLTF,CASSGLDSAETLYF
1838,CAVNSNYQLIW,CASSPPDSAETLYF
1839,CAVSVNYAQGLTF,CASSADSAETLYF
1840,CAVSDNYAQGLTF,CACGGTDSAETLYF
1841,CAMRSSGGSNAKLTF,CASSLGTGGIQNTLYF
1842,CAMRAMDSNYQLIW,CASSGGAHTGQLYF
1843,CAVWANAYKVIF,CASSHSRGQVDTQYF
1844,CAAATGNTGKLIF,CASSPRVFNQAPLF
1845,CAMRGSGGSNAKLTF,CASSGGANTGQLYF
1846,CAASPKNTGYQNFYF,CASSDHRGTEVFF
1847,CAMRSSGGSNAKLTF,CASSGGANTGQLYF
1848,CAVSINSAGNKLTF,CASSDGLSPLYF
1849,CAASATSSGQKLVF,CASSWDRGREQYF
1850,CAASDSGGSNYKLTF,CASSFNRGNEQYF
1851,CAASATASLGKLQF,CASSTTSQNTLYF
1852,CAVGNSGTYQRF,CASSTTSQNTLYF
1853,CALIPNYNQGKLIF,CASSSFSAETLYF
1854,CAMRGDSGGSNAKLTF,CASSFDNYEQYF
1855,CAVSINSAGNKLTF,CASGDATGGAGQLYF
1856,CAVGNSGTYQRF,CASSTGRNQNTLYF
1857,CAARTNTEGADRLTF,CASSPDKYEQYF
1858,CAVSINSAGNKLTF,CASSWDRGREQYF
1859,CALRPNYNQGKLIF,CASSPTNPAEQFF
1860,CAAANSGTYQRF,CASSFLRVYEQYF
1861,CAAANSGTYQRF,CASSPTNPAEQFF
1862,CAVSINSAGNKLTF,CASSFNRGNEQYF
1863,CAVSAFYNQGKLIF,CASSLTGRDTQYF
1864,CAASDSGGSNYKLTF,CASSLDRYNQDTQYF
1865,CAVGNSGTYQRF,CASSFNRGNEQYF
1866,CAASENYANKMIF,CASSLDNYEQYF
1867,CAASDSGGSNYKLTF,CASSTTSQNTLYF
1868,CATDRQVVGQLTF,CASSLGSAETLYF
1869,CAVREDSGTYQRF,CASSLGGTGDYAEQFF
1870,CAASGGGSSGNKLIF,CASSRLGTSAETLYF
1871,CATDNTGYQNFYF,CASNFRGDYAEQFF
1872,CAMREGSNNRIFF,CASSFRGDYAEQFF
1873,CAVRDRGSALGRLHF,CASSSWGNQDTQYF
1874,CAMSSLSGSFNKLTF,CASSLPSEDTQYF
1875,CATSGTQVVGQLTF,CASSLGGTGDYAEQFF
1876,CATPGTQVVGQLTF,CASSLGQGDTGQLYF
1877,CATSTQVVGQLTF,CASSPANQDTQYF
1878,CATDNTSYQNFYF,CASNFRGDYAEQFF
1879,CATTAAQVVGQLTF,CASSLLGDSYEQYF
1880,CATVGNTNTGKLTF,CASSYGTDYAEQFF
1881,CATRTQVVGQLTF,CASSLGGEDTQYF
1882,CAMREDDTNAYKVIF,CASSLRGDNQAPLF
1883,CAMREANTGANTGKLTF,CASSHREDTGQLYF
1884,CAMRPVTGSGGKLTL,CASSEVGSNSDYTF
1885,CATAGTQVVGQLTF,CASSQSNQDTQYF
1886,CATETQVVGQLTF,CASSLSGGFNAEQFF
1887,CAASLTTASLGKLQF,CASSLGDWGGAEQFF
1888,CAMREGGSNYQLIW,CASRGGANTGQLYF
1889,CAMREGKGGGSNYKLTF,CASSQDLGGRYEQYF
1890,CAMRVSGGSNAKLTF,CASSGGSNTGQLYF
1891,CALRRNTGGLSDIQNP,CASSFGAANTEVFF
1892,CAMRGSGGSNAKLTF,CASSLWRDTLYF
1893,CAHMSNYNVLYF,CASSQDRRNSYNSPLYF
1894,CAASDNYQLIW,CASSGGSNTGQLYF
1895,CALRRNTGGLSGKLTF,CASSFGAANTEVFF
1896,CAMRGSGGSNAKLTF,CASSLWRDTLYF
1897,CAMRVSGGSNAKLTF,CASSGGGNTGQLYF
1898,CAMRGSGGSNAKLTF,CASSGGGNTGQLYF
1899,CAVAQTGFASALTF,CASSSSGRDTQYF
1900,CASSNTNTGKLTF,CASFPDRRNSYNSPLYF
1901,CAMREPSGTYQRF,CASSGGGNTGQLYF
1902,CAMRVSGGSNAKLTF,CASSGGSNTGQLYF
1903,CAMRDQGGRALIF,CASSGGSNTGQLYF
1904,CAMRVSGGSNAKLTF,CASSGGSNTGQLYF
1905,CATETQVVGQLTF,CASSLAKNSDYTF
1906,CALGITGNTGKLIF,CASSFRGDYAEQFF
1907,CATAGTQVVGQLTF,CASSLTGGGDYAEQFF
1908,CAMGTQVVGQLTF,CASSLVGDQNTLYF
1909,CATDEAQVVGQLTF,CASSPGQGVSNERLFF
1910,CAVSADTNTGKLTF,CASGDRDWGDEQYF
1911,CATETQVVGQLTF,CASSPGGQNTLYF
1912,CATETQVVGQLTF,CASSLGSAETLYF
1913,CPTPGTQVVGQLTF,CASSGTGGDYAEQFF
1914,CALSDHDTNAYKVIF,CASSLGGGSQNTLYF
1915,CAMREANTGKLTF,CASSFRGDNQAPLF
1916,CATSTQVVGQLTF,CASSLGGQDTQYF
1917,CAATGGNNKLTF,CASSRLGASAETLYF
1918,CALRDRGSALGRLHF,CASSLRGDNQAPLF
1919,CALRVITGNTGKLIF,CASRYRGDNQAPLF
1920,CAASTGNTGKLIF,CASSPLGSSAETLYF
1921,CATGDNYAQGLTF,CASSDWTSQAPLF
1922,CALGSGGSWQLIF,CASSGPEVFF
1923,CAMRGNSGGSNYKLTF,CASSLFPTEVFF
