l1,l2,l3,h1,h2,h3
ILGDTY,HDF,QTWDGGAL,GYIFTGYY,INPNTGVT,AKDRAWLVYDDGSDV
QGIRDD,AAS,LQYNSYPRT,GFTFSSYT,ISSSSAYI,ARDGTSLTVAGPLDY
KLGDKF,LDS,QAWDSITNWV,GFTVNSNY,IYSGGST,ARVLYVCGGDCSFTFDY
QSVLYSSNNKNY,WAS,QQYFSTPLT,GYTFTGYY,INPNSGDT,AKDTTHTDCTDGGCYWENFDC
QNIRTY,HAT,QQSYDWPYT,GDSITNYY,ISYSGHASGRT,AREITRGLDAYDI
NIGSKS,DGS,QVWDSSSERHVV,GFIFSSYW,INQGGSEK,VRVGAYGDTYHDYYGMDV
ESVSSH,DAS,QQYNNWPS,GFTFDDYA,ISWNSGAI,TKSYGSGSYSDS
QSVSSN,GAS,QQCDNWPPT,GFTFSNYA,ISGNGGNT,VKGQFLEWYNWFDP
TGAVTSGYY,STS,LLQYGGAWV,GFTFRSYG,ISYDESKK,AKGVHCGSSSCYPVQFYYGVDV
QDIGDY,DAS,QQYNNLTS,GFTFRSHW,IKHDGSER,ARGSGAD
QSIRNY,AVS,QQSYSTLPYT,GGSIRSGIHY,IHYSENT,ARAAKESLCIGGSCDSNYEHYGLDV
QSISNY,AVS,QQSYSTLPYT,GGSIRSGGYY,IHYSDNT,ARASKESLCIGGSCDSNYQHYGLDV
QDISNY,DAS,QQYDT,GFIFSDYY,ITPSSSYT,ARTENSGYDLVRV
QDIRIH,DAS,QHYHNLPRT,GFTFSSFA,ISAGGGNT,AKSDSSGFQYGRREF
QSVSSN,GAS,QQYDNWPPIT,GFSFSSYS,ISSYSGTI,ARDDDSNDYNQDRYYYYGMDV
QIIANNY,DAF,QDYGSSLIT,GDTFSYYA,ITPLFGTS,ARGPTYGSDRTFYQGMDV
NLGDKF,QDI,QTWDSSTVXXX,GGSISPHY,IYYAGST,ARGGFPAELPPPLDP
QRISNY,NAY,QQSYITLFT,GFTFSSYS,INKEGSEK,ARVSREEWATVDDPHDYYYMDV
QSISVY,GAS,QRSYITPFT,GFTFSSYA,MSGRGDTM,AREEFTDTEMTITQGDFGY
QRISNY,TAY,QQSYNSLFT,GFTFSSYS,IKKEGSEK,ARVSREDWATVDEPHDYYYMDV
QRISNY,TAY,QQNYNTLFT,GFTFSTHS,IEKEGSEK,ARVSREEWATVDDPHDYYYMDV
QRISNY,TAY,QQNYNTLFT,GFTFSSYS,INKDGTEK,ARVSSEEWATVDDPHDYFYMDV
QDFSNY,DAS,QQLAT,GFRFSELY,INPTRGST,ARDIDSADYRAADVFQI
QDFSNY,DTS,QQLNT,GYIFSGSY,INPKTGNT,ARDFDYGDYRGSAFDI
QRISNY,TAY,QQSYNTLFT,GFTFSSYS,IEKHGGEK,ARVSREEWATVDDPHDYYYMDV
QRISNY,NAN,QQSYNSLFT,GFTFSSYS,INKEGSEN,ARVSREEWATVDDPHDYYYMDV
QDFSNY,DTS,QQLNT,GYVFSDSY,INPKTGGT,ARDFDYGDYRGSAFDI
QDFSNY,DTS,QQLNT,GYIFSGSY,INPKTGGT,ARDFDYGDYRGSAFDI
QDFSNY,DAS,QQLTT,GFTFTDCF,INPSRGTT,ARDIDSGDYRAADVFQI
QDFSNY,DAS,QQLTT,GFTFTDCF,INPSRGTT,ARDIDSGDYRAADVFQI
QRISNY,NAY,QQSYNSLFT,GFTFSSYS,MNKEGGEK,ARVSREEWATVDDPHDYYYMDV
QSLSXSY,GAS,HQYGSSTGT,GYTFTSYA,ISTYNGNS,AREGYDHLWGTYRFEAIDYYYTDV
QSVGSY,DAS,QQRSNWPPVT,GFIFNDYA,ISWNSDSI,YGSGAYQAH
NSDIGNNA,TNN,AAWDDSQMGV,GFTFSSHA,ISGDGGST,AKEWGWQVSPYGVFDV
QSVSSN,GAS,QQYNNWPKT,GFTFSTYG,IWYDGSNK,ARDSEGSGWYFDY
QDITNF,DAS,QQYDDLPYT,GFTFNIYA,ISSRGDYI,ARAGLGTVDLRWGGAFDH
QGIRNY,AAS,QKYNSVPLT,GDSINSGGYY,IYFTGRT,ARDRHDYGEDPFDI
QSLVHSDGNTY,KIS,MQATQFPSIT,GYSISSGYY,IYYSGST,ARGRGATVTTHFDY
EGISSH,GAS,QQYNNWPH,GFTFDDYA,ISWDSGAI,ARSNGAGSYSES
QTISTW,DAS,QQYNNYSG,GYTFTTYS,INTYTGNP,ATRGPVVLGEALAY
QSVSSY,DAS,QQRRNTX,GASISSTNW,IYHNGST,ARERNRVYYYGMDV
QSISNNY,GAF,QQYGSSPRT,GVSISMINW,IYHNGST,VAVAFRAYALFDD
QSVTGGF,GPS,QQYGSSPTT,GFTFSDYQ,ITSTGNAK,VRDLVWVQLPDY
RGIADY,AAS,QVYISAPYT,GDTLTSFG,INGYNSNP,ARGASSTGTMGLRGKNDAFDI
QTIKKY,TAS,QQSYDTPQT,GDSIRNYY,IYYSGRA,ARDRTGAGDKNAFDV
QTVSGSF,GAS,QQYGRSPT,GYSFNTYW,IYPGDSDT,ARLGCGTTDCSPTWPYYYYGLDV
QTVSSTF,GAS,QQYGRSPRT,GFYFSDYG,IASSGSNI,ARSPGIAVGLIDY
QSVLYPSNSRNY,WAS,QQYVTSPRT,GFTFTSFG,ISGSDGST,AKGLAYCSFGSCPYPLDY
QSSTYY,AAS,QQSWTX,GLTFSSYA,ISGTGEST,AKSATRSYYHYYYMDI
QSSTYY,AAS,QQSWTX,GFTFSSHA,ISGTGDSS,ARSATRSYYHYYYMDV
QSLVYSDGNSL,KVS,MQGTHWPFT,EFTFSDYY,ISNSGATI,ARMPRVADI
ESISSH,GAS,LQYNNWPM,GFTFDDYA,ISWNSGSM,VTANGAGSYSVY
QDIGNW,RTS,QQPDSFPLT,GFSIGDYT,IRTNAYGGTT,SRMYFYDSGGPRQFYYGMDV
KSVNSY,VVS,QQTDTVPYT,GFTFDNFA,INKSGNRR,AKDRTDYIGSYVHDYFDY
SSNIATNP,RNN,AAWDDSLTGNWV,GASISSSRHY,IYYSGST,ARLVLIPVVGERNIRYFDY
QSVSSY,DAS,QQRGNWLWT,GYTFTGYY,INPNSGGT,ARDDYPDYEVY
QSVSSFY,GTS,QQYDTSLT,GFTITPYT,ILYDGSST,ARGYGSGKSHYYFDY
QNISRY,DTS,QQNYHPPPT,GGSITNYC,IFYNGKT,ARESSGYTQKNAYDY
HDIKNY,GAS,QQYESLPLT,GFNFRDSA,ISASGDRT,AKGRYSMSRVVIILDYYYGMHV
QDISNY,DAS,QRYENLPPSLA,GFSFNSYG,ISHDGSEK,AKERSLGGVWSSGWSNYYYYGMDV
QGISNY,AAS,QKYNSAPLT,GFPLSNAG,IKRKTDGGTV,TTDLDVVSWWEPPQGENY
NIGSKS,DDS,QVWHRSSDHQVI,GFIFSSNG,ISYDGSNK,AKSGRGLGYDSSGHYYYYAMDV
QSISRN,ASS,QQSYSTPM,GGSINGYY,IYDSGSA,ARWFREALFGQDHDAFDI
RALAA,LHP,NRVSISSRSL,GASVSRHH,VSYSGST,ARWFREVLTADESDAFDI
QSISSW,RAS,QQYDIFPYT,GFTFDDYA,VSWNSYSI,AKDLRSQSPYASMDLLEGDGMDV
SIGSIS,DDS,QVWDSSDHYVXXX,GFTFAEYD,INWNGAGT,ARYRPCGGACYYFDY
NIGSES,DGI,QVWDTSGDQVV,GFTFRNAW,IKSKSDGGTT,TRTYGDYAPYYYAMDV
NIGSYS,DDS,QVWDSSSDQGV,GFTFDDYT,FSWDLVTT,ARGRYYFDNTGYYPSFDS
SSDVGSTTY,DVS,SSHTSSSTLV,GFTFDAYG,ISYDGNNK,AKDDGLETYYPFYSYGMDV
NIGTKS,DDR,QLWHNRGI,GFSFHHSG,INGNGRTT,ATEKGCGGDCYYFNS
NIARKS,DDA,QVWDSSSDHVXX,GFTLDDYT,LNWDGDIE,AKGAYYSDNTGYYPYFDS
QSVSSN,GAS,QQYNNWPPLT,GFTFSSYG,ISGSGIST,AKGRRGPFEDGWFDT
RSNIGSDY,RDS,AAWDDNLSGLL,GFTFSTYA,ISYDGSHQ,AKDSGYTINWAPGY
EGIRID,AAS,LQHDSYPRT,GFTFSDFE,ISRGGYNK,VRDHVELATDHSEFDY
NIGIES,DDG,QVWHRYSDHMI,GFTFGSYG,ISYDGSEK,ARVFQSYGMDV
EGIRND,AAA,LQHNSYPRT,GFTFSNYE,ISRSGYTI,ARDHVEMATDHAEFDY
SSNIGAGYD,GNN,QSYDSSLSASVV,GFTFSDHY,AGIKPNSYTT,TRLAYSSGWYWFDP
NIGSIS,DDS,QVWETGSDHWXX,GFTFDDYD,INWDGGRT,ARRRSCGGACYYFDY
NIGPKS,DDS,QLWDGGSDNSGV,GYTFTDYD,ISPSSGGT,ARLRSCGGDCYYFDY
QGISNS,GGF,QQYYSIPLTX,GFTFDDYA,ISGDGVDT,AKDAGIYSGGWYYFHY
QSISNF,AIS,QQSYSSIT,RGSVSSGSYH,INYNGRT,ATPDSGYDSGMFHN
SSDVGGYNY,DVT,CSYAGSYTWVXX,GFTFSNYW,TKQDGTDA,VRDFSDYAATPLDY
QTINNN,STS,QQSYSHFLT,GGSLSGFY,VTHTGST,ARGPAYDNDASFMYYFDL
SSDVGAYDL,EVS,CSYADSATRV,GFTFKTYA,INAGNGNT,ARDTVGATKAFDY
QSISNF,AIS,QQSYSSIT,RGSVSSGSYH,INYNGRT,ATPDSGYDSGMFHN
ALPKQY,KDS,QSAGNSATWXXX,GFYFSSYW,IKEDGSEK,AREAGGDYYLDS
NIGSKS,DDK,QVWDSSSDWVX,GFTFSYYW,IQGEGNEK,ARGYDSTGYNLLGDVFDM
ELPKQY,KDS,QSADSRGTFRV,GFVFSTYE,IDGSGGTT,ARDHHGDYFFDY
NIGSKS,DDR,QVWDTSRDHQV,GFTFDYYW,IDGDGNKA,ARGYDTTGYNSGGDAIFDL
ELPKQY,KDS,QSADSRGTFRV,GFIFSSYE,ISGSGSTI,ARDSFGDYFFDN
QSVSTH,DAS,QQHHNWDVT,GFSFRSYG,IWYDGTNI,ARELVAVGPIDYFHGMDV
SSNIGSNT,SNN,ATWDDSLDGWXX,GFTFSDYY,ISFSFSLT,ARALRYCSSNSCPESYYYYYGMDV
KLGDKY,QDT,QAWDRSTHYV,GFTLRPYD,ISNDGSDK,AKQGYYYDSTGSKWFDP
QSIRNW,KAS,QHYANYLYT,GDSVTSSASY,IFYSGDT,ARGGLSDFVVPLDS
QSVSGY,DAF,QQRSNWPPIT,GFTFSSYA,ISGSGIST,AKDYSRTIPLAGFLDQ
LSINSN,GAS,QQYNYWPPWT,GFTFGYYA,IRSKAYGATT,TRDPLAAGGVLFDY
NSDIGGFDY,DVS,TSYTSTITXXG,GGSLSSSSYY,IYYSGST,EGGSGLDAFAI
SSNIASNT,SND,AVWDDSLNAYV,GFTFSSFP,ISYDGSNK,SRDQGGDYGDYGGGFDY
QSLLHRNEDNY,FGS,MQALQTPFT,GFTFSNYW,IDSDGSSP,AREPYFPLYFDY
QSISTF,SAS,QQAYRSSST,GFIFNDFG,INWIGSST,ARESGDVATAMDYYYYYYLDV
SSDVGGYNY,EVS,SSYAGSNNVXG,GYTFNTYV,INVDNANT,ARDKGNIVGVPAAWTIGWYGMDV
QSVSSD,DAS,QQYNRRSS,GFTFDDYA,ISWNSNWNSGGI,AKEGHSDNCLDCDYFYYMDA
QSIGNF,HAS,QQAYRASST,GFIFNDFG,INWIGSST,ARESGSDVATAMDYYYYYYLDV
QNVSNW,EAS,QQYNSYPRT,GFTFDDYG,ISGDGDYT,AKDFADYSNSGHFDS
QGISRW,AAS,QQYNTYPLT,GFTFDEYA,ISWSSNSI,AKAVEPAAMDIVDYFEY
QSISNY,SAS,QQGYRAPST,GFIFNDYG,INWIGSAT,ARESGSDVATAMDYYYYYYMDV
QSFSGW,KAS,QQYNRFFRT,GFSFSNYD,IWYDGSNK,AREDNDVEGYYGMDV
QSVSSN,ITS,QQYNYWPYT,QSTFSDYN,ITSSSAGT,ASRTVTSRAYDI
QSINNY,SAS,QQGYRTPST,GFIFNDYG,INWIGSST,ARESGSDVATAMDYYYYYYMDV
QSISSW,KAS,QQYYTSFWT,GFSFTTYA,ISGSTGRT,ARFAYCSGDCYKASYYGLDV
QSVSYMY,GAS,QHYGASRYT,GGSISSSSYY,IYYTGTT,ARPSSDYYSYAMDV
NSNLGADFD,GDT,QSYDTSLGGSV,GFNFEDHA,ISWNRGHI,AKDIRRGCDGVNCYSYYYYYYGLDA
SGSFGTNY,END,QSFVGSLWL,GFTANSNY,IYSDGSI,ARDNRREAY
QSISSY,TTS,LQSYGNVKT,GFTFDDYA,ISWDGDSA,AKDLNPGHHLGIDY
QSVSSSY,GAS,HQYGRPPAAT,GFSFDDYA,ITYNGGST,ARDATYCGGDCYLDY
QEINNY,DAS,QQYRRFPPA,GFTFGSFA,ISAGGANI,VKYDSSGFDYARGGRE
SSNIGTNT,SNN,ATWDDSLDGWXX,GFTFSDYY,ISFSFSLT,ARALRYCSTNSCPESYYSYYGMDV
NTGSKS,FDS,QVWDSSCDCWV,GFIFDTNA,ISDTGIST,AKRSTYYLDRNGPNDAFDI
SSNIGSNT,SNN,ATWDDSLDGWXX,GFTFSDYY,ISFSFSLT,ARALRSCSSNSCPESYYYYYGMDV
NIASKS,DDS,QVWDSSGDPHVV,GFTFDSYW,INLDGSEK,ARAYDTTGYYNNWDIFDI
QSLVYGDGNTY,LAS,MQGTHWPYT,GYNFTGSW,IDPDDSYT,ARLAHGTLDY
QSVSSL,GAS,QQWYT,GDSFSDYY,VYHDGST,ARGVLGELTAIHFDY
QSVSNNY,SAS,HQYGSSPQT,GGSIRMTTHY,ISYSGST,ARAYGVLRYFDWQPSNYYFDF
QSIGAW,KAS,QQYIRYPWT,GGSISSYL,NSDSGNT,ARADYDVEGYFGMDV
QDISNS,DAS,QQVWA,GFTFNIYN,ITPNSNYI,ARALTTMTTTDS
QSIGSY,AAS,QQSFNIFPLT,GYTFTNYD,ITAYNGNT,ARNLAIAAAGSSRFDY
QSIAGY,DAS,QQRSSWPLTX,GFTFSDYD,ISDRGTKT,AKGSLRDVFDI
TSNIGENF,RNH,ATWDDSLSAVL,GFPFSGYG,IWHDESRK,ARASPYGDYYSIDDV
SSNIGNNF,KNN,AAWDDSLSGVXX,GFSLSSYG,IWYDGSKK,ARASPYGDYYAIEDV
QGISNY,KAS,QQYDDFPYT,GFRFDDYA,ISWNSYSR,AKDTKSQSPYASMDLLEGDGMDV
SSNIGSNF,RNN,ATWDDSLSGPVV,GFTFSTYS,ISDSTGTV,ARGGTRYYYGSGSHMDV
QDLSNS,DAS,QQYVF,GFTFSSYT,IFTXSRYI,ARDRGSTTADY
QDISTF,DAS,QQYDNFLS,GFTFDDYA,ISGDGRMT,VKDHWTDN
EDINTY,DAS,QQRSNWPLT,GFIFSNFP,FGDSATKT,AKGSAKFKSQQFLARSGYTQRSHFDF
SSNIGSYT,SDT,ATWDDSLNGAI,GFSFNSNG,ISHDGSHK,AKDLTLRFFDWPNYYGMDV
QSLLYSNGYNY,LGS,MQVLQTAPYT,GFTFSSYE,ITSSGNTI,AREKERYPTFDS
QDLSNS,DAS,QQYVF,GFTFSSYT,IFXXSRYI,ARDRGSTTADY
QSLLHSNGYNY,LGS,MQALQTPRT,GGSIRSYY,MSYSGNA,GRQFYDSHYYYYYNMDV
QDISNY,DAS,QQYDNVPIT,GFIFSNYE,ISSGGRDI,ARGSSSSWHGGLWAHWFDP
GSNIRINY,RSN,AAWDDILSGHV,GFIFGDYA,IGSKTHGGTT,ARDPGGFYDSYGFYYLGAFDI
SSNIENNY,DNN,QTWDDNLSAVI,GFTFGNYA,VTGSATRI,AKEPHSGSWYPYFDY
SSNIGSNT,SNN,AAWDDSLNGWVX,GFIFRDYW,IKQDGSEI,VQLRMY
QDISNY,DAS,QQYDNLPFG,GFTFSNYN,ISLSSSFI,ARGGSGGHNYYYALDV
QSVTNNY,GAS,QQYGRSSNT,GFTVDSHD,LTSTGDT,ARNYYNRDLGYDGMDV
QSVGSN,GAS,QQYHNWPPIT,GFTFSSYA,ISDSGYST,AKDGISRQVWLQGTFDS
ALPKHY,KDS,QSADDSGTYV,GLTFSNVW,IKSNTDGGAT,AAEDFGDYYFDY
NFNIEHNY,DNN,GTWDSSLSVYV,GFTFSDYN,INGRSRYI,ARHRPGGDYYYYGMDV
QSLVYSDGNTY,QVS,MQGTHWPYT,GYNFTNYW,IDPSDSYT,ARLLYGSVDF
SIGLKR,YDS,QVWDISGDHVVX,GYSISNGYY,IYHSGST,TRIYMVRDLEIYYFDS
SNDVGSYNR,EVG,ISYTSSSTWXXX,GLIFTKSG,IWYDGSKK,AKDWGLKAFDV
RSLVYNDENTY,KVS,MQATYWPYT,GFTFSSSW,IKQDGSEK,ARDPFVGRYGAFDI
NIRVKN,RDN,QVWDSSSWVX,EFTFSNYA,ISNDGGKR,AREYYDTLTGPVDYDYGMDV
QSVSSY,EAS,QQRGNWPIT,GFNFGDYA,IRNLAYGEST,TRERVDLDAFDM
SSNIENNY,RNN,AAWDDSLSGVV,GFTFNAYG,ISFDGTNK,AKEYAIRYADAFDF
GAIIASNY,EGD,QSYDTGLWV,GFSFSDYY,IDSRSTYR,AAGAGSYSYHGLDV
GAIIASIY,EGD,QSYDTGLWV,GFSFSDYY,IDSRSTYR,AAGSGSYSYHGLDV
SGIIAGSF,KND,QSYDTGFWV,GFTLSDYY,INTKSSYR,AAGSGTYDYYGLDV
GAIIASNF,EGD,QSYDTGLWV,GFTFSDYY,IDSRSTYR,AAGSGSYNYHGLDV
SSNIGAAYD,GNT,QSYDNSLNGFYV,GGSISNYY,IYDDSGST,ARGGVDPYTSSWYYFDY
GSDIGANSY,DVS,SSYRITTTLVV,GFAFDDYA,CSWNCGTK,AKGYGSGNSYPLAPTLDY
GSDIGDNSY,DVS,SAYRSSSTLVV,GFSFDDYA,CSWNSATK,AKGYGSGNHYPLAPTLDY
GSDIGDNSY,DVS,SAYRSSSTLVV,GFSFDDYA,CSWNSATK,AKGYGSGNHYPLAPTLDY
SSDIGGYSY,DVT,SSYRVSNTLVV,GFSFDDYA,LSWNSGTI,AKGYGSGSSYPLAPMLDY
SSDIGGYNY,DVS,SSYRISSTLVV,GFNFDDYA,LSWNSGSI,AKGYGSGSSYPLAPTLDY
GSDIGGNSY,DVS,CSYRSSTTLVV,GFTFDDYA,CSWNSGTK,AKGYGSGNSYPLAPTLDY
GSDIGDNSY,DVS,CSYRRSSTLVV,GFTFDDYA,CTWNSATK,AKGYGSGNSYPLAPTLDY
SSNIGSNA,STN,EAWDDSLKEV,GFTFSNYG,ISYGGSET,AKTTVTTDFYYYYGMDV
QTINKF,SAS,QHGHIGPST,GFIFNDYG,INWIGSAT,ARESGSDVATAMDYYYYYYMDV
GSDIGDNSY,DVS,SAYRSSSTLVV,GFSFDDYA,CSWNSATK,AKGYGSGNHYHLAPTLDY
GSDIGGNSY,DVS,SSYRSSSTLVV,GFTFDDYA,CSWNSGTK,AKGYGSGNYYPLAPTLDY
GSDVGGNSY,DVS,SSYRTSSTLVV,GFTFDDYA,ISWNSGII,AKGYGSGNYYPLAPTLDY
QSILYTPNKKSS,WAS,QQYYGTLST,GGSVSSSSYH,IYYTGTT,ARLYNYAYGDP
SSNIGSNT,STN,AAWDDSLKEV,GFTFSSYG,ISYVGSDK,AKATVTTDFSYYYGMDV
GSDIGDNSY,DVS,SAYRSSSTLVV,GFSFDDYA,CSWNSATK,AKGYGSGNHYPLAPTLDY
TGAVTSGYY,STG,LLYYGGGWV,GGSIRSYY,IYYTGST,AGRSATVLADSDY
TGAVTSGYY,STS,LLYYGGGWV,GGSIRSYY,IYYTGST,AGRSATVLADSDY
SSDVGTYNY,DVS,CSYAGSYTFVV,GGSISGYH,INYSGST,VRHEWAPRGLDAFDF
QSVGSY,DTS,LQRDNWPLT,GGSITRSGFY,LQSGWGT,ARLAGAATSIEDITHYNHYGMDV
QNIDTF,GTS,QQSYILPRT,GGSISSTEYY,IYYSGGT,ARDRKPAMECIGSGCSFVRLGFDP
QSISNN,SSS,QQSYSPFLT,GGSFSGYY,ITHSGGT,ARGPAYDSNAYFLYYFDY
QDISNS,GAS,QQYDHLPYT,GFTFRNYE,ISSSGSTL,ARGNQEGVGELSSQGVFDN
QSIDSFH,GAS,QQYGNSQYT,NYSLTSGYY,VFHTGTS,ASRWASTKYFNF
NIGSKH,DDK,QVWDSSNDHRV,GFSFSYYW,IKPDGHEK,AREGLGDYYESNYYFDY
SIGLKR,YDS,QVWDVSGDHTV,GYSISSAYY,IYHSGST,ARIYMVRDLEIYYFDS
QSISNN,SSS,QQSYSPFLT,GGSFSGYY,ITHSGGT,ARGPAYDSNAYFLYYFDY
