,sequence
2,CSARDGTGNGYTF
15,CAIQYRGNQPQHF
43,CASSEESYLMNTEAFF
44,CASSLWVGGSSGANVLTF
45,CASSPTSGSVYEQYF
120,CASSQSPGGTQYF
1111,CAIPTDSSGNTIYF
1112,CAISESSAQETQYF
1113,CASGPYTGGYNEQFF
1114,CASGQGRMKENTEAFF
1115,CASIGQGGSPLHF
1116,CASRDNNQPQHF
1117,CASRDRAPSYEQYF
1118,CASRLGETQYF
1119,CASSAPGAGANVLTF
1120,CASSASAGPGDTQYF
1121,CASSDGTDQETQYF
1122,CASSDRTYEQFF
1123,CASSEGVDTEAFF
1124,CASSFGATDTQYF
1125,CASSFGGFYEQYF
1126,CASSFRPLAAPSDEQFF
1127,CASSFSWTEAFF
1128,CASSFVHGYTF
1129,CASSGLRRDRDTQYF
1130,CASSHASNEQFF
1131,CASSHPSEQYF
1132,CASSHRGQIGQFF
1133,CASSKQGSTEAFF
1134,CASSKTGGLNQPQHF
1135,CASSLAGTSYYNEQFF
1136,CASSLALDRGVETQYF
1137,CASSLAYNEQFF
1138,CASSLDRGNTIYF
1139,CASSLEAAPHYGYTF
1140,CASSLELGWATNEKLFF
1141,CASSLESGRTNTEAFF
1142,CASSLGGGGGNQPQHF
1143,CASSLGGGPQETQYF
1144,CASSLGGRASTDTQYF
1145,CASSLGGTYEQYF
1146,CASSLGGYEQYF
1147,CASSLGLSGTQYF
1148,CASSLGPGKRETQYF
1149,CASSLGQAYEQYF
1150,CASSLKSPGVDTQYF
1151,CASSLLGSNQPQHF
1152,CASSLLSGTSLRVTGELFF
1153,CASSLMLQQETQYF
1154,CASSLPLAGYNEQFF
1155,CASSLQGGSKYF
1156,CASSLREKDTQYF
1157,CASSLRRGLEQYF
1158,CASSLSGSYYNEQFF
1159,CASSLSQGGNSPLHF
1160,CASSLVGGMTGYEQFF
1161,CASSLVGQGSYEQYF
1162,CASSLVKLGIALIETQYF
1163,CASSLWNTEAFF
1164,CASSPFRGGLGYGYTF
1165,CASSPGQGAGQPQHF
1166,CASSPHEDSDTGELFF
1167,CASSPQTGWDTEAFF
1168,CASSPTGGDIQYF
1169,CASSPWVSGDTQYF
1170,CASSQAGLEAYNEQFF
1171,CASSQAGQGAYEQYF
1172,CASSQDLTGPTDTQYF
1173,CASSQDRTGVRNIQYF
1174,CASSQDSSGGLGEQFF
1175,CASSQELAGAYNEQFF
1176,CASSQERGGKWAYEQYF
1177,CASSQERGNEQFF
1178,CASSQSPGGEQFF
1179,CASSQSPGGEQYF
1180,CASSQSPGGLTFF
1181,CASSQSPGGTQYF
1182,CASSQSPGGVQYF
1183,CASSQVGLGRGSQYF
1184,CASSRDRSYNEQFF
1185,CASSRDSGGNEQFF
1186,CASSRTGQGQETQYF
1187,CASSSGGNEQFF
1188,CASSSGLQETQYF
1189,CASSSLAGDLGEQYF
1190,CASSSQGASEQFF
1191,CASSSRWVGGSSYEQYF
1192,CASSSSTGDDYTF
1193,CASSTGTGSAGYTF
1194,CASSTQAQETQYF
1195,CASSTTSGARIGNEQFF
1196,CASSVAGGDEQFF
1197,CASSVLRTSGSYNEQFF
1198,CASSVRGRGTQTDTQYF
1199,CASSVSGQSFYNEQFF
1200,CASSVVGGDEQYF
1201,CASSVVGGNEQFF
1202,CASSVVGNEQFF
1203,CASSVVGNEQYF
1204,CASSYEDGRYNEQFF
1205,CASSYRGDRPEAFF
1206,CASSYRLHEKLFF
1207,CASSYSASGGEQFF
1208,CASSYSPGNEQYF
1209,CASSYSPGPITDTQYF
1210,CASTLTTDPYEQYF
1211,CAWEDRYNEQFF
1212,CAWGDRGGYGYTF
1213,CAWNREGSALTTQYF
1214,CAWRHRDRGSEQFF
1215,CAWSVAVEQYF
1216,CAWSVWDRGYEQYF
1217,CSADRTGSYEQYF
1218,CSAGTEGTNEKLFF
1219,CSAGTGGTNEKLFF
1220,CSAIPQGTPYNEQFF
1221,CSAMNAGLPPNIQYF
1222,CSARAGVGNTIYF
1223,CSARDGTGNGYTF
1224,CSARDQTGNGYTF
1225,CSARDRVGNTIYF
1226,CSARGDGGRLGTDTQYF
1227,CSARIEVGNTIYF
1228,CSARLGVGNTIYF
1229,CSARNPGSGYTF
1230,CSARSETGNTIYF
1231,CSARTPPGNTIYF
1232,CSARTSGTYEQYF
1233,CSARVGVGNTIYF
1234,CSAYPGPNYGEQYF
1235,CSGEDQETQYF
1236,CSGGQGETQYF
1237,CSVAEMNTEAFF
1238,CSVEGTSGRGEQFF
1239,CSVGRDGTNEKLFF
1240,CSVGTGGTNEKLFF
1241,CSYAAGVNEQFF
1242,CSYAAGVNEQYF
1243,CACAPGQGYEQYF
1244,CANSLSGDYGYTF
1245,CASGGHNEQFF
1246,CASGLGTSGGVGELFF
1247,CASGRRYNEQFF
1248,CASIQMARETDEQFF
1249,CASRGEEGTQYF
1250,CASRGSGELFF
1251,CASRLDTAAYEQYF
1252,CASRLGTDHEQYF
1253,CASRPGQGVYEQYF
1254,CASRPTGGAGGTDTQYF
1255,CASRRTTGANTEAFF
1256,CASRSASNEQFF
1257,CASSAAGAVETQYF
1258,CASSAGTPLYYGYTF
1259,CASSALDTQYF
1260,CASSAPGQNYGYTF
1261,CASSASGKGVTGELFF
1262,CASSDRAPEAFF
1263,CASSDRTDTQYF
1264,CASSEDRYTSTDTQYF
1265,CASSEIARPRAFF
1266,CASSFAGGKDYGYTF
1267,CASSFFTGDGEQYF
1268,CASSFGATDTQYF
1269,CASSFGGNEQYF
1270,CASSFGPNTEAFF
1271,CASSFGPTAYEQYF
1272,CASSFGQGLSGANVLTF
1273,CASSFGQGNTEAFF
1274,CASSFGVAGGASRHEQYF
1275,CASSFKGQPYTGELFF
1276,CASSFPPYNEQFF
1277,CASSFQGTEAFF
1278,CASSFSETSTDTQYF
1279,CASSFTEDEQFF
1280,CASSFTGKGYNEQFF
1281,CASSGEQGDGYTF
1282,CASSGGQGNTEAFF
1283,CASSGQDGYTF
1284,CASSGTSSPYEQYF
1285,CASSHGGADTQYF
1286,CASSHPEGGTGELFF
1287,CASSHPYTGELFF
1288,CASSHSGGARNTIYF
1289,CASSIDQRSSYEQYF
1290,CASSISSLNNQPQHF
1291,CASSKREIRSTGTLRYEQYF
1292,CASSLAGQRTDTQYF
1293,CASSLALDSAGEQYF
1294,CASSLAPGQGAEEQYF
1295,CASSLDIGVSEAFF
1296,CASSLDTDTQYF
1297,CASSLDTWTGELFF
1298,CASSLEAGGGYLEKLFF
1299,CASSLEANTEAFF
1300,CASSLEDRVIGKRDNEQFF
1301,CASSLEKVDTIYF
1302,CASSLEWDLAGTQYF
1303,CASSLFSGGLNEQFF
1304,CASSLGAAITGTF
1305,CASSLGAYEQYF
1306,CASSLGGEETQYF
1307,CASSLGGPFNEQFF
1308,CASSLGGPYEQYF
1309,CASSLGLAGARGSSYNEQFF
1310,CASSLGQGEAFF
1311,CASSLGTGEQYF
1312,CASSLGVAYGGEDTEAFF
1313,CASSLHNEQFF
1314,CASSLLAGGPNYNEQFF
1315,CASSLLGLPGSEQYF
1316,CASSLLQGRQPQHF
1317,CASSLLSGTSLRVTGELFF
1318,CASSLPQGEQYF
1319,CASSLRASPRTEAFF
1320,CASSLRGTETEAFF
1321,CASSLRPQQDSSYNEQFF
1322,CASSLSGDYGYTF
1323,CASSLSGNEQYF
1324,CASSLSLGRIDGYTF
1325,CASSLSPSASYEQYF
1326,CASSLSRGPYNEQFF
1327,CASSLVGGSGISTDTQYF
1328,CASSLVQGYEQYF
1329,CASSLVRGGNEQFF
1330,CASSLVRNYEQYF
1331,CASSNGQGAVGEQFF
1332,CASSPAPGSTTYEQYF
1333,CASSPGGASGRSNEQFF
1334,CASSPGGAYNSPLHF
1335,CASSPGGGGYTF
1336,CASSPGLAGANEQFF
1337,CASSPGPYTLNTGELFF
1338,CASSPGQGGTDTQYF
1339,CASSPGTSGREKETQYF
1340,CASSPGYEQYF
1341,CASSPIMNTEAFF
1342,CASSPKTSGTSYEQYF
1343,CASSPLRVAEPQETQYF
1344,CASSPNPAYEQYF
1345,CASSPNRVGDQPQHF
1346,CASSPPGQGIYGYTF
1347,CASSPRAGVNQPQHF
1348,CASSPRANPGELFF
1349,CASSPRGDTQYF
1350,CASSPRGGAGTDTQYF
1351,CASSPRQGTETQYF
1352,CASSPRTDLGEQYF
1353,CASSPTGGPPSYEQYF
1354,CASSPTPGPQFF
1355,CASSPTSGGYEQYF
1356,CASSPVGAASSYEQYF
1357,CASSQAGSREQYF
1358,CASSQAKNTEAFF
1359,CASSQARLYQETQYF
1360,CASSQDDRVEKLFF
1361,CASSQDGGNEQFF
1362,CASSQDGGSPYEQYF
1363,CASSQDGLALRETQYF
1364,CASSQDGSGGHTEQFF
1365,CASSQDGSGGLGEQFF
1366,CASSQDGSGGLGEQYF
1367,CASSQDGTSGKETQYF
1368,CASSQDRGGNTIYF
1369,CASSQDRNRRVSPLHF
1370,CASSQDRTDGNTIYF
1371,CASSQEIPYEQFF
1372,CASSQEIPYEQYF
1373,CASSQEPGLVGGELFF
1374,CASSQEQGPTNEKLFF
1375,CASSQGARGPFF
1376,CASSQGASDTQYF
1377,CASSQGGGPAAFF
1378,CASSQGLAGANEQFF
1379,CASSQGQGGNQPQHF
1380,CASSQGQGGYEQYF
1381,CASSQGTAYGYTF
1382,CASSQKTGKNTEAFF
1383,CASSQLAGVETQYF
1384,CASSQLAVSYNEQFF
1385,CASSQLTGGVHEQYF
1386,CASSQPQYSGANVLTF
1387,CASSQQQGPSGYTF
1388,CASSQRDLSSGNTIYF
1389,CASSQRGVQETQYF
1390,CASSQRIALGDGNQPQHF
1391,CASSQSGNTEAFF
1392,CASSQSPGGTQYF
1393,CASSQVLDTEAFF
1394,CASSQVLRGPSSYNEQFF
1395,CASSQVSGLAGGQNTGELFF
1396,CASSQVSPVVLDRDNEQFF
1397,CASSRLGGRNQPQHF
1398,CASSRPGQGDTEAFF
1399,CASSRPTGNTEAFF
1400,CASSRQGGGGNQPQHF
1401,CASSRRPGLGETQYF
1402,CASSRTGMGETQYF
1403,CASSSFCGRSYEQYF
1404,CASSSGGLSSGNTIYF
1405,CASSSGLATGSYEQYF
1406,CASSSGTGDYEQYF
1407,CASSSGTSGSVETQYF
1408,CASSSKGLVESTTEQFF
1409,CASSSLGGDEQFF
1410,CASSSLRVETQYF
1411,CASSSPHRGRFEQYF
1412,CASSSPPGVVEQYF
1413,CASSSQLWREEIEQFF
1414,CASSSRGTYEQYF
1415,CASSSSPTLPPDTQYF
1416,CASSSTATYEQYF
1417,CASSSTDEATEAFF
1418,CASSSTETGTEAFF
1419,CASSSTGLNTEAFF
1420,CASSSTGNTNTGELFF
1421,CASSSTGTDDTDTQYF
1422,CASSSTGYEQYF
1423,CASSSTSVQETQYF
1424,CASSTGVRSYEQYF
1425,CASSTHTDTQYF
1426,CASSTLPRQGPQETQYF
1427,CASSTPSNNEQFF
1428,CASSVGPQETQYF
1429,CASSVNPGGNTEAFF
1430,CASSWDSSYNEQFF
1431,CASSWGAGQPQHF
1432,CASSYGGPLEEQYF
1433,CASSYGREAFF
1434,CASSYRDRENIQYF
1435,CASSYRDSYEQYF
1436,CASSYRNTIYF
1437,CASSYSEGYEQYF
1438,CASSYSGTGAYEQYF
1439,CASSYTGGTTDTQYF
1440,CASTGGLAGGRTTQETQYF
1441,CASTIGGGETQYF
1442,CASTLAQGSQTEAFF
1443,CASTLGGDWGGQETQYF
1444,CASTLGGNTGELFF
1445,CASTPHREPGELFF
1446,CASTQILRTGTNTQYF
1447,CATSRDVIGSNEQFF
1448,CATSRGQSYGYTF
1449,CATSRLLSEQYF
1450,CATSRVNPQETQYF
1451,CATSTFAGELFF
1452,CATTGSAYGYTF
1453,CAWSATSSNQPQHF
1454,CAWSGLVSGGNEQYF
1455,CAWSMDRDFYGYTF
1456,CSADAFF
1457,CSARDGTGNGYTF
1458,CSARDQTGNGYTF
1459,CSARDRIGNGYTF
1460,CSARDRVGNTIYF
1461,CSARDSTGNGYTF
1462,CSAREGLQRDNEQFF
1463,CSARGQAPYEQYF
1464,CSARLGVGNTIYF
1465,CSARLQGENTIYF
1466,CSARNPGLAGVGETQYF
1467,CSARSETGNTIYF
1468,CSAVETGNEQFF
1469,CSGWDTSGEQYF
1470,CSVDEGSDTQYF
1471,CSVDGGTTNTGELFF
1472,CSVEDRAGWTQYF
1473,CSVEGPAGGPYEQYF
1474,CSVEPPETQYF
1475,CSVEREGGYTF
1476,CSVESVAENEQFF
1477,CSVEVARAYEQYF
1478,CSVGGRGDGYTF
1479,CSVGGSFYGYTF
1480,CSVGTSAYEQFF
1481,CSVVVSSYEQYF
1482,CANSPTSSTTSYEQYF
1483,CANSQSPGGTQYF
1484,CARSHSPGGTQYF
1485,CARSQYPAGTQYF
1486,CARSRGAVEQFF
1487,CASCQSPGGTQYF
1488,CASDRANEQFF
1489,CASFGGGGRNTEAFF
1490,CASGQGIAEAFF
1491,CASGTGTGELFF
1492,CASKDPGWFLAFF
1493,CASMKYEAFF
1494,CASNQSPGGTQYF
1495,CASRLRRAGGDRELFF
1496,CASRPRRAEGDRELFF
1497,CASRPRRAGGDQELFF
1498,CASRPRRAGGDRELFF
1499,CASRPRRAGGDRELLF
1500,CASRPRRAGGDRGLFF
1501,CASRPRRAGGDRKLFF
1502,CASRQSPGGTQYF
1503,CASSAGTGGYEQYF
1504,CASSDIYEQYF
1505,CASSDSQNEQFF
1506,CASSDSQNEQYF
1507,CASSDSSTDTQYF
1508,CASSEETGEGGHEQFF
1509,CASSEETGEGGHEQYF
1510,CASSEFFPSAPYEQYF
1511,CASSEGQVAPGEQYF
1512,CASSERQGADTQYF
1513,CASSEVGSYNSPLHF
1514,CASSEYPGYYGYTF
1515,CASSFGTDRSGNTIYF
1516,CASSFHRVMNTEAFF
1517,CASSFNNEQFF
1518,CASSFRWRERDTQYF
1519,CASSFSGSTDTQYF
1520,CASSGAGGGSPDTQYF
1521,CASSGRQAYGYTF
1522,CASSGWTGPNTEAFF
1523,CASSHSPGGTQYF
1524,CASSIDFTANTEAFF
1525,CASSIDGTAYEQYF
1526,CASSIDRVLGRTGELFF
1527,CASSILAAGELFF
1528,CASSILGNSPLHF
1529,CASSISGPSNQPQHF
1530,CASSKSSSSYEQYF
1531,CASSLAIGELFF
1532,CASSLAWGQLSGYTF
1533,CASSLDGTGYNEQFF
1534,CASSLEGTAWSDTQYF
1535,CASSLEGTGYYEQYF
1536,CASSLIGRGPNTGELFF
1537,CASSLLGGSLYEQYF
1538,CASSLLTLGGADTQYF
1539,CASSLMGREPNTGELFF
1540,CASSLMGRGPKTGELFF
1541,CASSLMGRGPNNGELFF
1542,CASSLMGRGPNTGELFF
1543,CASSLMGRGPNTGELLF
1544,CASSLMGRGPNTGELVF
1545,CASSLMGRGPNTGEPFF
1546,CASSLMGRGPNTGGLFF
1547,CASSLMGRGPNTGVLFF
1548,CASSLMGRGPSTGELFF
1549,CASSLMTGRETQYF
1550,CASSLQGYLLNQPQHF
1551,CASSLRDGGLNYGYTF
1552,CASSLRSGGLNYGYTF
1553,CASSLSGQEIDTQHF
1554,CASSLSGQETDTQYF
1555,CASSLSGTGNTEAFF
1556,CASSLTDPCEQYF
1557,CASSLTDPHEQYF
1558,CASSLTDPYEQFF
1559,CASSLTDPYEQHF
1560,CASSLTDPYEQNF
1561,CASSLTDPYEQYF
1562,CASSLTDPYEQYL
1563,CASSLTDPYEQYS
1564,CASSLTDSYEQYF
1565,CASSLTGAGTDTQYF
1566,CASSLTNPYEQYF
1567,CASSLTRRGNQPQHF
1568,CASSLVLQETQYF
1569,CASSLWRLGKAYEQYF
1570,CASSPDGRVEQYF
1571,CASSPDRGNQPQHF
1572,CASSPEGRAGLYNEQFF
1573,CASSPEVTSGGHEQYF
1574,CASSPGGLSRGEAFF
1575,CASSPGTGTYNEQFF
1576,CASSPGTVSSNQPQHF
1577,CASSPILGVEQYF
1578,CASSPLEYSYEQYF
1579,CASSPLVRGRFSNQPQHF
1580,CASSPLVWGRFSNQPQHF
1581,CASSPPRRETTNEKLFF
1582,CASSPQRGGPTDTQYF
1583,CASSPTGTRSYGYTF
1584,CASSPTSSTHSYEQYF
1585,CASSPTSSTPSYAQYF
1586,CASSPTSSTTSYEQHF
1587,CASSPTSSTTSYEQYF
1588,CASSPWGGGTEAFF
1589,CASSQAFRGGYEQYF
1590,CASSQDFQGGYEQYF
1591,CASSQDFRGGYAQYF
1592,CASSQDFRGGYEQDF
1593,CASSQDFRGGYEQHF
1594,CASSQDFRGGYEQYF
1595,CASSQDFRGGYEQYL
1596,CASSQDFRGGYEQYS
1597,CASSQDSGNNEQFF
1598,CASSQEGPPGRNYEQYF
1599,CASSQFPGGTQYF
1600,CASSQGAGELFF
1601,CASSQGHGPFNQPQHF
1602,CASSQGHGPFNQPQRF
1603,CASSQGVLTEAFF
1604,CASSQIGGSDYGYTF
1605,CASSQLAQGRGAYNEQFF
1606,CASSQLIPGLLYGYAF
1607,CASSQLIPGLLYGYTF
1608,CASSQLIPGLLYGYTL
1609,CASSQLIPGLLYGYTY
1610,CASSQPPGGTQYF
1611,CASSQQLRVINTEAFF
1612,CASSQSLGGTQYF
1613,CASSQSPDGTQYF
1614,CASSQSPGDTQYF
1615,CASSQSPGGAQYF
1616,CASSQSPGGFQFF
1617,CASSQSPGGKQYF
1618,CASSQSPGGMQYF
1619,CASSQSPGGPQYF
1620,CASSQSPGGTPYF
1621,CASSQSPGGTQHF
1622,CASSQSPGGTQNF
1623,CASSQSPGGTQSF
1624,CASSQSPGGTQYF
1625,CASSQSPGGTQYL
1626,CASSQSPGGTQYS
1627,CASSQSPGGTRYF
1628,CASSQSPGSTQYF
1629,CASSQSPSGTQYF
1630,CASSQSPVGTQYF
1631,CASSQSSGGTQYF
1632,CASSRGHALDQPQHF
1633,CASSRQAPWGRDTEAFF
1634,CASSSGAGEANEQFF
1635,CASSSGAGEANEQYF
1636,CASSSGNNEQFF
1637,CASSSGRASGANVLTF
1638,CASSSGRDSAANVLTF
1639,CASSSGRDSGANVLTF
1640,CASSSGRDSGANVLTL
1641,CASSSKTGAYEQYF
1642,CASSSPARAYGYTF
1643,CASSSTGAGTDTQYF
1644,CASSSTGEGTDTQDF
1645,CASSSTSSTTSYEQYF
1646,CASSTGLAGGLETQYF
1647,CASSTTSSTTSYEQYF
1648,CASSYGGRGYTF
1649,CASSYLLSYEQYF
1650,CASSYPLGLGGTEAFF
1651,CASSYRDGKGNTIYF
1652,CASSYSSLAGLNTEAFF
1653,CASSYYDGYGYTF
1654,CASTEGTVAPGTQYF
1655,CASTPALGAKQYF
1656,CASTPVTRGFEKLFF
1657,CATGTSRVYEQYF
1658,CATRQGNQPQHF
1659,CATSDPGTTLQYF
1660,CATSRDGSGGASGELFF
1661,CATSRERGGGGETQYF
1662,CATSRTEGLSEQYF
1663,CATSRVKAFRDTQYF
1664,CATSSASGRGSDTQYF
1665,CATSSASGSGSDTQYF
1666,CATSSASGSTDTQYF
1667,CATSSPQRGGPTDTQYF
1668,CATSYGTGEEEAFF
1669,CATVVLLLARGEEGTDTQYF
1670,CAWIPTERQTYGYTF
1671,CAWSPIAGGRNEQFF
1672,CAWSRAAVEQFF
1673,CAWSRGAAEQFF
1674,CAWSRGAVEPFF
1675,CAWSRGAVEQFF
1676,CAWSRGAVEQFL
1677,CAWSRGAVEQLF
1678,CAWSRGAVEQVF
1679,CAWSRGAVEQYF
1680,CAWSRRAVEQFF
1681,CAWSTVTYEQYF
1682,CAWSVIGPYEPYF
1683,CAWSVIGPYEQYF
1684,CAWTLAGRDNGELFF
1685,CAWTLAGRDTGELFF
1686,CAWTLAGRETGELFF
1687,CNARGQAITEKLFF
1688,CRARGQAITEKLFF
1689,CRVDGFRTENNQPQHF
1690,CSADPGLGGTDTQYF
1691,CSAFLSTFFTEAFF
1692,CSAKGQAITEKLFF
1693,CSARAGADTEAFF
1694,CSARAGVGNTIYF
1695,CSARDKTGNGYTF
1696,CSARDRDRSLATEAFF
1697,CSARDRGIGNTIYF
1698,CSARDRVGNGYTF
1699,CSARDRVGNTIYF
1700,CSARDSVGNGYTF
1701,CSARDTGLDTGELFF
1702,CSAREQAITEKLFF
1703,CSARFPPGNTIYF
1704,CSARGGPGEVGNTIYF
1705,CSARGQAITAKLFF
1706,CSARGQAITDKLFF
1707,CSARGQAITEKLCF
1708,CSARGQAITEKLFC
1709,CSARGQAITEKLFF
1710,CSARGQAITEKLFL
1711,CSARGQAITEKLFS
1712,CSARGQAITEKLFV
1713,CSARGQAITEKLLF
1714,CSARGQAITEKLSF
1715,CSARGQAITEKPFF
1716,CSARGQAITEKRFF
1717,CSARGQAITENLFF
1718,CSARGQAITEQLFF
1719,CSARGQATTEKLFF
1720,CSARGQDITEKLFF
1721,CSARGQTITEKLFF
1722,CSARIGVGNGYTF
1723,CSARLIAGPTSYEQYF
1724,CSARSGVGNTIYF
1725,CSARSRPVGNTIYF
1726,CSARTGVGNTIYF
1727,CSARVGVGNTIYF
1728,CSASEGYGYTF
1729,CSASPISPTGAYEQYF
1730,CSATWGEGSSPLHF
1731,CSGMRLLFFSYEQYF
1732,CSGMRLLFSSYEQYF
1733,CSTRGQAITEKLFF
1734,CSVDGTNTGELFF
1735,CSVEDAGGNQPQHF
1736,CSVEDFYNEQFF
1737,CSVEDFYNEQFL
1738,CSVEDFYNEQFS
1739,CSVEDFYNEQLF
1740,CSVEDFYNEQSF
1741,CSVEGFQTENNQPQHF
1742,CSVEGFRTEKNQPQHF
1743,CSVEGFRTENKQPQHF
1744,CSVEGFRTENNQPQHC
1745,CSVEGFRTENNQPQHF
1746,CSVEGFRTENNQPQHL
1747,CSVEGFRTENNQPQHV
1748,CSVEGSRTENNQPQHF
1749,CSVESLGAPKSSGNTIYF
1750,CSVGAGGTNEKLFF
1751,CSVGGSFYGYTF
1752,CSVGQGGTNEKLFF
1753,CSVGSGGTNEKLFF
1754,CSVGTGGTNEKLFF
1755,CTSSQSPGGTQYF
1872,CASSEGRVSPGELFF
1873,CSARDGTGNGYTF
1874,CSARDQTGNGYTF
1875,CSARDRIGNGYTF
1876,CSARDRTGNGYTF
1877,CSARDRVGNTIYF
1878,CSARIGVGNTIYF
1879,CSARSGVGNTIYF
1880,CSARVGVGNTIYF
1881,CSSQEGGYGYTF
1882,CSVGTGGTNEKLFF
1883,CSARAGVGNTIYF
1884,CSVRGQGDEQFF
1885,CASSSGELSAGELFF
1886,CSVGSGGTNEKLFF
1887,CSVGTGGTNEKLFF
1889,CASSEGNVAPGELFF
1890,CASSQSPGGTQYF
1891,CSARDRIGNGYTF
1892,CSARLGVGNTIYF
1893,CSVGTGGTNEKLFF
1895,CASSQSPGGTQYF
1899,CASGQSPGGTQYF
1900,CASSQSPGGTQYF
1901,CASSRSPGGTQYF
1902,CSARDRVGNTIYF
1903,CSARGQVGNTIYF
1904,CSARSGVGNTIYF
1905,CSARVGVGNTIYF
1920,CASSAWEGAEAFF
1921,CASSEDAGLSYNEQFF
1922,CASSGEQLLPGELFF
1923,CASSGGQLAPGELFF
1924,CASSGRVLPGELFF
1925,CASSGVQLLPGELFF
1926,CASSLAEQGGELFF
1927,CASSLTLQRVGTGELFF
1928,CASSNADTPLQETQYF
1929,CASSPLIGTPPGEQFF
1930,CASSQSPGGTQYF
1931,CASSQSPGGVAFF
1932,CASSVGNEQFF
1933,CASSVISLGYGYTF
1934,CASSYGGISSYEQYF
1935,CASSYPEVAPSEQFF
1936,CASSYTRVNEQFF
1937,CASSYWVGDTDTQYF
1938,CASSYWVGRRDTQYF
1939,CSARDDGVNTEAFF
1940,CSARDGNREWLHF
1941,CSARDPYRASNQPQHF
1942,CSARDRGSGNTIYF
1943,CSARDRHREWLHF
1944,CSARGLVESSYNEQFF
1945,CSARVGVGNTIYF
1946,CSGTGGTNEKLFF
1947,CSPGTDLYEQYF
1948,CSVVGTSLYNEQFF
1949,CASSPGDTLLTDTQYF
1950,CASSQSPGGFQYF
1951,CASSSGSGGYYNEQFF
1952,CSAQGVGGQTYNEQFF
1953,CSARVRSDRDVGNTIYF
1954,CSASIFRDLTHNEQFF
1974,CASGRTNTEAFF
1975,CASNEGAGFNYGYTF
1976,CASSAGEVFPGELFF
1977,CASSDGELLPNEQFF
1978,CASSDGKLAPGELFF
1979,CASSDGRVAPGELFF
1980,CASSEGQVAPGELFF
1981,CASSIDGAAYEQYF
1982,CASSIDGTAYEQYF
1983,CASSIDRGLINEQFF
1984,CASSIMGGNYEQYF
1985,CASSINGTAYEQYF
1986,CASSIPRTGTAYEQYF
1987,CASSISGTGYEQYF
1988,CASSPPAESYEQYF
1989,CASSQSDSGYEQYF
1990,CASSQSPGATQYF
1991,CASSQSPGGIQYF
1992,CASSQSPGGLETF
1993,CASSQSPGGQQFF
1994,CASSQSPGGTQYF
1995,CASSQTPGGTQYF
1996,CASSSGTARYEQYF
1997,CASSVDGTAYEQYF
