cdr3.alpha,cdr3.beta
CAVPSGAGSYQLTF,CASSFEPGQGFYSNQPQHF
CAVKASGSRLT,CASSYEPGQVSHYSNQPQHF
CAYRPPGTYKYIF,CASSALASLNEQFF
CAVPSGAGSYQLTF,CASSFEPGQGFYSNQPQHF
CAVKASGSRLT,CASSYEPGQVSHYSNQPQHF
CAVPSGAGSYQLTF,CASSFEPGQGFYSNQPQHF
CAVKASGSRLT,CASSYEPGQVSHYSNQPQHF
CAVPSGAGSYQLTF,CASSFEPGQGFYSNQPQHF
CAVKASGSRLT,CASSYEPGQVSHYSNQPQHF
CAVDANNDMRF,CASSPSYNEQFF
CACPPGDYKLSF,CASSLDIPSYNEQFF
CAAQSNMEYGNKLVF,CASSSPDRGGTNEKLFF
CALSEGYNFNKFYF,CSGEGGDTEAFF
CATDLKTSYDKVIF,CSARDPGLEQNIQYF
CAVQAAREYNFNKFYF,CASSQEGDRVTEAFF
CATDLKTSYDKVIF,CSARSPGELNIQYF
CLVPSEQAGTALIF,CSASSTHSNQPQHF
CALNDYKLSF,CASSLTGGGYEQYF
CAGHPKTSYDKVIF,CSARDPGLEQNIQYF
CVVSPINYGQNFVF,CASSQEQEPHQETQYF
CAVLVPGNQFYF,CASSIAGNNEQFF
CATEDNAGNMLTF,CASSVGGGGSTDTQYF
CAYGDDKIIF,CASSIALSTFQPQHF
CAGGYNNNDMRF,CASSLGEPQHF
CAGGYNNNDMRF,CASSVGGGGSTDTQYF
CAETLNTGFQKLVF,CASRTLRGHVSEAFF
CAVDDFSGGTSYGKLTF,CASSFPGYGYTF
CAVSFFNQAGTALIF,CASSKKGLSNEQFF
CARNSGGYQKVTF,CASSLMVNEQYF
CVVRDGGYNKLIF,CATFTGNTEAFF
CAFCGGTSYGKLTF,CASSLDGTGREKLFF
CAFSGGSNYKLTF,CASSFGTPSTDTQYF
CAGRPYDKIIF,CASSQEQEPHQETQYF
CALKTIKAAGNKLTF,CASSSLDGRLGYTF
CAGPIGTSYDKVIF,CASSSAHYGYTF
CAGQLVASYDKVIF,CSARTGTSEYNEQFF
CAASDDNYGQNFVF,CASSPDDRESSYNEQFF
CAGLNQGAQKLVF,CASSPDDRESSYNEQFF
CATVGTASKLTF,CASSLWLNEQFF
CARNTGNQFYF,CASSPKTGASYGYTF
CVVGYGQFYF,CASSFVSFDEQFF
CAGPMKTSYDKVIF,CASSSAYYGYTF
CAASRKGSNYKLTF,CASSADSYGANVLTF
CAVRWGGKLSF,CSVDPGHTGEKLFF
CAEIPNYGGSQGNLIF,CASSLVGGRHGYTF
CAESSASKIIF,CASSHDPTWGPGNTIYF
CAVRDRWSGGYQKVTF,CASSFGQGSSPLHF
CAVRVSGGYNKLIF,CASSLETVNTEAFF
CAVTLNNNAGNMLTF,CASSSFYDSNEKLFF
CALSPRTQGGSEKLVF,CASSLASPGHFTGELFF
CAFNRDDKIIF,CASRRQGTVYEQYF
CAGTNTGGFKTIF,CASRIELPGAGELFF
CAASGTQTGANNLFF,CASSLGFLGPAAGNTIYF
CAVYGNNRLAF,CSARDHGGDYGYTF
CAVRDRDNYGQNFVF,CASSLEVTGLNTEAFF
CAVMDSSYKLIF,CASSDSGEAGELFF
CAVRSLNSGNTPLVF,CSGGQDYNEQFF
CAVLDSNYQLIW,CASSEDSGGYNEQFF
CAVRDSNYQLIW,CASSDSTSGGNEQFF
CAVTDSNYQLIW,CSARDMASGRNEQYF
CAVWGNTGKLIF,CASSPGGGMNTEAFF
CAVHTGTASKLTF,CASSFDPGSYGYTF
CVVSIAGNNRKLIW,CASSPASGSLFF
CVVHAGNMLTF,CASSEGLGGALYGYTF
CVVNEGPGAGSYQLTF,CASSPDYDQETQYF
CVAPTNFGNEKLTF,CASTHGTSGEDTQYF
CAVLTLNARLMF,CASLPTGTNTGELFF
CAASDQTGANNLFF,CASSLQGASGYTF
CAVSGTYKYIF,CASTGGGALGTEAFF
CAVPVQTSYDKVIF,CASSSAYYGYTF
CAAILADYKLSF,CASSIVAGGYNEQFF
CAASFIHNQGGKLIF,CASSRDRTGRANYGYTF
CAASYNTNAGKSTF,CASSPRTSFETQYF
CAATPPPSYDKVIF,CASSPGTFRYTF
CASLETSYDKVIF,CASSPTDRGNTGELFF
CAADTLLNAGGTSYGKLTF,CASSGRGFLNYGYTF
CAAPYSGGSNYKLTF,CASSLVGTGELFF
CAESPAGTALIF,CASSHGAAAGETEAFF
CAMREGQYNFNKFYF,CASGSGLAGNEQFF
CAMREGHTNAGKSTF,CASSQVAGGAGGPREYNEQFF
CAMREDSIGNTPLVF,CASSVGLGFTDTQYF
CAMREGGNYQLIW,CASSEARQGLDTEAFF
CAMRVFLNSGGSNYKLTF,CASSLFAGAETQYF
CAMRELLNSGGSNYKLTF,CASRKLAGPTDTQYF
CAMRESGETSGSRLTF,CATSATGLRNQPQHF
CATDPQFYF,CASSLESWGRAYNEQFF
CVLASGGSYIPTF,CASLAGVRTDTQYF
CALIPVYNQGGKLIF,CASSNFLGQGDEKLFF
CALSEFRGNTPLVF,CASSEPIGTGGNQPQHF
CALGYSSASKIIF,CASRQENSGNTIYF
CALITALNNAGNMLTF,CASSSQGWGRVYSEQFF
CALSEENTSGTYKYIF,CSATPSGYGYTF
CALSETLTSGTYKYIF,CASSVEVGTGDNEQFF
CALSETHLGGSQGNLIF,CASSIQKAGYNEQFF
CAVTYNNNDMRF,CAAGTRTDTQYF
CAVNQAGTALIF,CASSVDSGSTNEQFF
CAVRSDQAGTALIF,CASSLGTGELFF
CAVGLDRGSTLGRLYF,CASSLSGVPHNNEQFF
CAVRSTFNFNKFYF,CASSQTRTSGRVDPDTQYF
CAVRGDNYGQNFVF,CASRRPGGDTEAFF
CAVIGSAGKSTF,CASSLNSGLYNEQFF
CAVWRAGNMLTF,CASSLNGRADTQYF
CAVLNSNSGYALNF,CASSRQESYGYTF
CAVSLYNNNDMRF,CAISEQEDQPQHF
CAVRLIQGAQKLVF,CASSVEGQGDTEAFF
CAALITQGGSEKLVF,CASSPLRGVYYNEQFF
CAVHTQGGSEKLVF,CASTPYRRGPHLYGYTF
CAASRGSGAGSYQLTF,CASSLVVMGTGFTDTQYF
CALNQAGTALIF,CASSLAQQGLAEAFF
CARNTGNQFYF,CASSPSTGTIYGYTF
CAGFNDYKLSF,CAISESRSRVTDTQYF
CTRGYARYNFNKFYF,CASSPSDYGYTF
CIAGGSQGNLIF,CAISEYPPTGRKADTQYF
CIVSDIQGAQKLVF,CASSQVGTVYGYTF
CIAVSQGGSEKLVF,CSAADRGLGETQYF
CIVRVGYTGFQKLVF,CASRGTGGGSGQPQHF
CSGTPGLPRDDKIIF,CASSYDRGPREGYTF
CAGGHGGSQGNLIF,CASSTRSTGELFF
CAAENQGGKLIF,CASSLRGQGFYEQFF
CAASFAGNTPLVF,CSGDRSSDTQYF
CAAEDNTDKLIF,CASSPSWGEVNTEAFF
CAASGTQTGANNLFF,CASSPGYGSSGNTIYF
CAASIGAGNMLTF,CASSPPGLPGYTF
CAASGLNNNAGNMLTF,CASSPGQLQETQYF
CAAPTGFGNEKLTF,CASSSGLAGVETGELFF
CAAYTGNQFYF,CASSLQVWNEQFF
CAAKGGSEKLVF,CASSLQGIGAKNIQYF
CAGYYGQNFVF,CASSFQGYTEAFF
CAVRERNAGNNRKLIW,CASSSGGLSEQYF
CAVRERNAGNNRKLIW,CSARGADTQYF
CAVRDRNNAGNMLTF,CASSSGGLSEQYF
CAGQRAYSGAGSYQLTF,CASSLELAAWETQYF
CAVRPNAGGTSYGKLTF,CSARDLRLLANTGELFF
CAFMIHAGGTSYGKLTF,CASSTGSYGYTF
CAYSTNAGGTSYGKLTF,CASSSGIYGYTF
CAFMKPKGGSNYKLTF,CASSLAGFTGELFF
CAFRTSGSRLTF,CASSPTLVTSGNTIYF
CARLHQTGANNLFF,CASSEGYIYEQYF
CAYRSPNYGGSQGNLIF,CASSYASNQPQHF
CAYISNNDMRF,CAISVSGTRVYNEQFF
CAWAQGGSEKLVF,CASSLGQGNSPLHF
CASSALGSEKLVF,CASSLKAGNQPQHF
CAVPLYGGATNKLIF,CASSVGTLYSGANVLTF
CAVDMETSGSRLTF,CASSLLGGAGTGELFF
CLVGDIQGGGGKLIF,CSVEGDTGELFF
CLVGDSYSSASKIIF,CASSQGLAGEVYTGELFF
CLVGSPVPFSGGYNKLIF,CASSLDRPSGMAAETQYF
CLVGSSEGFQKLVF,CASSINRDLLNGYTF
CAVRSNFGNEKLTF,CASSYWDRTTSGNTIYF
CAEKLAGTALIF,CASSHTSGNGDTQYF
CAESIRSFNKFYF,CASSDSRANTGELFF
CAESINQGGKLIF,CSARLPRDYSNQPQHF
CADGLRTGFQKLVF,CASSLAEKANTGELFF
CALSGYSTLTF,CSILGSNAGPQETQYF
CALGGNNRLAF,CAIDRVGTGELFF
CAVNAGNNRKLIW,CASTGSVSTDTQYF
CAVKNGGSQGNLIF,CASSRGHPLQFF
CAVGNAITSSSDKLIF,CASSISAGVGVGQETQYF
CAVGAAEYGNKLVF,CASSLVGGPSVQFF
CAVRMGGGAGYSTLTF,CATSDSAGYNEQFF
CAVTSYARLMF,CASSVTGTEADEQFF
CAVSPSNTGKLIF,CASSPPGTSGGRNEQFF
CAVTDNNNNDMRF,CASSDRLENNEKLFF
CAVSEGSNFGNEKLTF,CASTRESTDTQYF
CAVSGANDYKLSF,CASSLGGTGWTEAFF
CAVRGAGYALNF,CASSFKDTNTGELFF
CAVSWDTGFQKLVF,CASSLGAANYNEQFF
CALSDSGFSDGQKLLF,CATSEGNEQFF
CALFAGSYIPTF,CASSSRTGDQETQYF
CATVGTASKLTF,CASSLWLNEQFF
CARNTGNQFYF,CASSPKTGASYGYTF
CVVGYGQFYF,CASSFVSFDEQFF
CAGPMKTSYDKVIF,CASSSAYYGYTF
CAASRKGSNYKLTF,CASSADSYGANVLTF
CAVRWGGKLSF,CSVDPGHTGEKLFF
CAEIPNYGGSQGNLIF,CASSLVGGRHGYTF
CAESSASKIIF,CASSHDPTWGPGNTIYF
CAVRDRWSGGYQKVTF,CASSFGQGSSPLHF
CAVRVSGGYNKLIF,CASSLETVNTEAFF
CAVTLNNNAGNMLTF,CASSSFYDSNEKLFF
CALSPRTQGGSEKLVF,CASSLASPGHFTGELFF
CAFNRDDKIIF,CASRRQGTVYEQYF
CAGTNTGGFKTIF,CASRIELPGAGELFF
CAASGTQTGANNLFF,CASSLGFLGPAAGNTIYF
CAVYGNNRLAF,CSARDHGGDYGYTF
CAVRDRDNYGQNFVF,CASSLEVTGLNTEAFF
CAVMDSSYKLIF,CASSDSGEAGELFF
CAVRSLNSGNTPLVF,CSGGQDYNEQFF
CAVLDSNYQLIW,CASSEDSGGYNEQFF
CAVRDSNYQLIW,CASSDSTSGGNEQFF
CAVTDSNYQLIW,CSARDMASGRNEQYF
CAVWGNTGKLIF,CASSPGGGMNTEAFF
CAVHTGTASKLTF,CASSFDPGSYGYTF
CVVSIAGNNRKLIW,CASSPASGSLFF
CVVHAGNMLTF,CASSEGLGGALYGYTF
CVVNEGPGAGSYQLTF,CASSPDYDQETQYF
CVAPTNFGNEKLTF,CASTHGTSGEDTQYF
CAVLTLNARLMF,CASLPTGTNTGELFF
CAASDQTGANNLFF,CASSLQGASGYTF
CAVSGTYKYIF,CASTGGGALGTEAFF
CAVPVQTSYDKVIF,CASSSAYYGYTF
CAAILADYKLSF,CASSIVAGGYNEQFF
CAASFIHNQGGKLIF,CASSRDRTGRANYGYTF
CAASYNTNAGKSTF,CASSPRTSFETQYF
CAATPPPSYDKVIF,CASSPGTFRYTF
CASLETSYDKVIF,CASSPTDRGNTGELFF
CAADTLLNAGGTSYGKLTF,CASSGRGFLNYGYTF
CAAPYSGGSNYKLTF,CASSLVGTGELFF
CAESPAGTALIF,CASSHGAAAGETEAFF
CAMREGQYNFNKFYF,CASGSGLAGNEQFF
CAMREGHTNAGKSTF,CASSQVAGGAGGPREYNEQFF
CAMREDSIGNTPLVF,CASSVGLGFTDTQYF
CAMREGGNYQLIW,CASSEARQGLDTEAFF
CAMRVFLNSGGSNYKLTF,CASSLFAGAETQYF
CAMRELLNSGGSNYKLTF,CASRKLAGPTDTQYF
CAMRESGETSGSRLTF,CATSATGLRNQPQHF
CATDPQFYF,CASSLESWGRAYNEQFF
CVLASGGSYIPTF,CASLAGVRTDTQYF
CALIPVYNQGGKLIF,CASSNFLGQGDEKLFF
CALSEFRGNTPLVF,CASSEPIGTGGNQPQHF
CALGYSSASKIIF,CASRQENSGNTIYF
CALITALNNAGNMLTF,CASSSQGWGRVYSEQFF
CALSEENTSGTYKYIF,CSATPSGYGYTF
CALSETLTSGTYKYIF,CASSVEVGTGDNEQFF
CALSETHLGGSQGNLIF,CASSIQKAGYNEQFF
CAVTYNNNDMRF,CAAGTRTDTQYF
CAVNQAGTALIF,CASSVDSGSTNEQFF
CAVRSDQAGTALIF,CASSLGTGELFF
CAVGLDRGSTLGRLYF,CASSLSGVPHNNEQFF
CAVRSTFNFNKFYF,CASSQTRTSGRVDPDTQYF
CAVRGDNYGQNFVF,CASRRPGGDTEAFF
CAVIGSAGKSTF,CASSLNSGLYNEQFF
CAVWRAGNMLTF,CASSLNGRADTQYF
CAVLNSNSGYALNF,CASSRQESYGYTF
CAVSLYNNNDMRF,CAISEQEDQPQHF
CAVRLIQGAQKLVF,CASSVEGQGDTEAFF
CAALITQGGSEKLVF,CASSPLRGVYYNEQFF
CAVHTQGGSEKLVF,CASTPYRRGPHLYGYTF
CAASRGSGAGSYQLTF,CASSLVVMGTGFTDTQYF
CALNQAGTALIF,CASSLAQQGLAEAFF
CARNTGNQFYF,CASSPSTGTIYGYTF
CAGFNDYKLSF,CAISESRSRVTDTQYF
CTRGYARYNFNKFYF,CASSPSDYGYTF
CIAGGSQGNLIF,CAISEYPPTGRKADTQYF
CIVSDIQGAQKLVF,CASSQVGTVYGYTF
CIAVSQGGSEKLVF,CSAADRGLGETQYF
CIVRVGYTGFQKLVF,CASRGTGGGSGQPQHF
CSGTPGLPRDDKIIF,CASSYDRGPREGYTF
CAGGHGGSQGNLIF,CASSTRSTGELFF
CAAENQGGKLIF,CASSLRGQGFYEQFF
CAASFAGNTPLVF,CSGDRSSDTQYF
CAAEDNTDKLIF,CASSPSWGEVNTEAFF
CAASGTQTGANNLFF,CASSPGYGSSGNTIYF
CAASIGAGNMLTF,CASSPPGLPGYTF
CAASGLNNNAGNMLTF,CASSPGQLQETQYF
CAAPTGFGNEKLTF,CASSSGLAGVETGELFF
CAAYTGNQFYF,CASSLQVWNEQFF
CAAKGGSEKLVF,CASSLQGIGAKNIQYF
CAGYYGQNFVF,CASSFQGYTEAFF
CAVRERNAGNNRKLIW,CASSSGGLSEQYF
CAVRERNAGNNRKLIW,CSARGADTQYF
CAVRDRNNAGNMLTF,CASSSGGLSEQYF
CAGQRAYSGAGSYQLTF,CASSLELAAWETQYF
CAVRPNAGGTSYGKLTF,CSARDLRLLANTGELFF
CAFMIHAGGTSYGKLTF,CASSTGSYGYTF
CAYSTNAGGTSYGKLTF,CASSSGIYGYTF
CAFMKPKGGSNYKLTF,CASSLAGFTGELFF
CAFRTSGSRLTF,CASSPTLVTSGNTIYF
CARLHQTGANNLFF,CASSEGYIYEQYF
CAYRSPNYGGSQGNLIF,CASSYASNQPQHF
CAYISNNDMRF,CAISVSGTRVYNEQFF
CAWAQGGSEKLVF,CASSLGQGNSPLHF
CASSALGSEKLVF,CASSLKAGNQPQHF
CAVPLYGGATNKLIF,CASSVGTLYSGANVLTF
CAVDMETSGSRLTF,CASSLLGGAGTGELFF
CLVGDIQGGGGKLIF,CSVEGDTGELFF
CLVGDSYSSASKIIF,CASSQGLAGEVYTGELFF
CLVGSPVPFSGGYNKLIF,CASSLDRPSGMAAETQYF
CLVGSSEGFQKLVF,CASSINRDLLNGYTF
CAVRSNFGNEKLTF,CASSYWDRTTSGNTIYF
CAEKLAGTALIF,CASSHTSGNGDTQYF
CAESIRSFNKFYF,CASSDSRANTGELFF
CAESINQGGKLIF,CSARLPRDYSNQPQHF
CADGLRTGFQKLVF,CASSLAEKANTGELFF
CALSGYSTLTF,CSILGSNAGPQETQYF
CALGGNNRLAF,CAIDRVGTGELFF
CAVNAGNNRKLIW,CASTGSVSTDTQYF
CAVKNGGSQGNLIF,CASSRGHPLQFF
CAVGNAITSSSDKLIF,CASSISAGVGVGQETQYF
CAVGAAEYGNKLVF,CASSLVGGPSVQFF
CAVRMGGGAGYSTLTF,CATSDSAGYNEQFF
CAVTSYARLMF,CASSVTGTEADEQFF
CAVSPSNTGKLIF,CASSPPGTSGGRNEQFF
CAVTDNNNNDMRF,CASSDRLENNEKLFF
CAVSEGSNFGNEKLTF,CASTRESTDTQYF
CAVSGANDYKLSF,CASSLGGTGWTEAFF
CAVRGAGYALNF,CASSFKDTNTGELFF
CAVSWDTGFQKLVF,CASSLGAANYNEQFF
CALSDSGFSDGQKLLF,CATSEGNEQFF
CALFAGSYIPTF,CASSSRTGDQETQYF
CATVGTASKLTF,CASSLWLNEQFF
CARNTGNQFYF,CASSPKTGASYGYTF
CVVGYGQFYF,CASSFVSFDEQFF
CAASRKGSNYKLTF,CASSADSYGANVLTF
CAFNRDDKIIF,CASRRQGTVYEQYF
CAEIPNYGGSQGNLIF,CASSLVGGRHGYTF
CAVRVSGGYNKLIF,CASSLETVNTEAFF
CAVTLNNNAGNMLTF,CASSSFYDSNEKLFF
CARNTGNQFYF,CASSPSTGTIYGYTF
CAVRWGGKLSF,CSVDPGHTGEKLFF
CAVRDISARLMF,CASSSVNVAFF
CAVRDPVGNQFYF,CASSDPGVDRNTEAFF
CAVTTGNAGNMLTF,CASSHGTGYNQPQHF
CAVSDYGGSQGNLIF,CASSLEIQGSGAFF
CAVGPGYSSASKIIF,CASSDGIGQGASGYTF
CAVKGSQGNLIF,CASSARGGGNNEQFF
CAAYSPAGGGADGLTF,CASSYSGTNQPQHF
CAASETSYDKVIF,CASSYSGTGDYGYTF
CAETNFGNEKLTF,CASSPVGGDYGYTF
CAESGGSNYKLTF,CASSLDLYGYTF
CAMREETDSWGKLQF,CSARDRGGENTGELFF
CAVKTGRRALTF,CASSFQGIRVEAFF
CALRSNDYKLSF,CASSPPGRGNTGELFF
CATDARAGGTSYGKLTF,CASSFGQRDRGYWRNTEAFF
CALTSPYYNQGGKLIF,CASGFTGGRNTEAFF
CALSEHTTDSWGKFQF,CASSIVAGAGAGELFF
CALSEAPGGSYIPTF,CATSDLLAGGKTGELFF
CAVQAGNNNDMRF,CASSATGSNTGELFF
CAVITDSWGKFQF,CASSMGTVYLNTEAFF
CAEDSGNTPLVF,CASSLLGVSYYNEQFF
CAVTLIGFGNVLHC,CASSTRGGGDAKNIQYF
CAFNDYKLSF,CAWVPGTGGRAAFF
CAWMNRDDKIIF,CASSVVGYLGYTF
CAGKSLFGTNAGKSTF,CASSRGQGPGQETQYF
CIVRPRWDSNYQLIW,CASSQAPSMEPNEQFF
CAAENQGGKLIF,CASSLRGQGFYEQFF
CATRQGNTPLVF,CASSHQTGELFF
CAAYTGNQFYF,CASSPKTGASYGYTF
CAASGNTGNQFYF,CASSYNEQFF
CAVRDKGYSTLTF,CASSIDAGSNYEQYF
CAVRDTPGGYQKVTF,CASSYTVQPYNEQFF
CAVRGSFYNQGGKLIF,CATSDLRRTDTQYF
CAGYYGQNFVF,CASSFQGYTEAFF
CAVRDYGQNFVF,CASSRDSNSNQPQHF
CAGFLYNNNDMRF,CASSHERDRDTGELFF
CAGPMKTSYDKVIF,CASSSAFYGYTF
CAGPMKTSYDKVIF,CASSSAYYGYTF
CAGRHGGTSYGKLTF,CASSLAYILGLGDEQFF
CAVTHRFHTASKLTF,CASSDALQETQYF
CAFMNHTGTASKLTF,CASSLASRVGSPLHF
CAYIIIQGAQKLVF,CASSLSAVHGYTF
CAYRSHYTSGTYKYIF,CASSLKIGEQFF
CAVCMDSSYKLIF,CASSLAGDYEQYF
CAVDIHPNDYKLSF,CASSELAGGGDTQYF
CAVDRLDTDKLIF,CASSQQETYEQYF
CAVDISNAGNMLTF,CSVVDYGYTF
CAVRATGTASKLTF,CSVAGQGDDHTDTQYF
CAVRSNFGNEKLTF,CASSYWDRTTSGNTIYF
CAEEMDSSYKLIF,CSAPFPGQGDYGYTF
CAESKRDGGATNKLIF,CASSPSREGYTF
CAEIPNYGGSQGNLIF,CASSFQGYTEAFF
CALVTGYSTLTF,CASSSGTSGSGSYNEQFF
CAVKAHLGGATNKLIF,CASSIVGGMNTEAFF
CAVPPQGGSEKLVF,CASFSPRVYEQYF
CALRMIGGGSNYKLTF,CSVEEGSRAQYF
CAAADDKIIF,CASSQGTISYEQYF
CAACAEYGNKLVF,CASSVGGVTYNEQFF
CAAIDDKIIF,CASTDGGDSYTQYF
CAAKDDKIIF,CATGAASSYEQYF
CAALDDKIIF,CASSQEGTPISYEQYF
CAANDYKLSF,CSATGNRGADTQYF
CAAPNDMRF,CASSQAGAYEQYF
CAARANTDKLIF,CATSRESGNGKLFF
CAARNTGTASKLTF,CASSLKLAGTDTQYF
CAARVGSSASKIIF,CASSPTGPAYEQYF
CAASGANNLFF,CASSESPGYGYTF
CAASGGSYIPTF,CASSSGPAYEQYF
CAASSIQGAQKLVF,CASSPWDRANTGELFF
CAATDSWGKLQF,CASSVGGVPYNEQFF
CAATGANNLFF,CSASGARGADTQYF
CAAVASKIIF,CASSIKPDGYEQYF
CAAVPIQGAQKLVF,CASGTWGARQPQHF
CADHTGGFKTIF,CASSPGTGGYTEAFF
CADSSYKLIF,CASSYSTEAYEQYF
CAEKVNNNDMRF,CATGAASSYEQYF
CAETNQAGTALIF,CATSRASGSYEQYF
CAETRGNNRLAF,CASSVGGGREQFF
CAFSGYALNF,CASSYTGTGSQPQHF
CAFTTDSWGKLQF,CASSQGQANEKLFF
CAGANEKLTF,CSAPTSGGPNEQFF
CAGAPNTGNQFYF,CASSPGQGPYEQYF
CAGGAGTALIF,CASSQGPAAYEQYF
CAGGASKIIF,CASSATGTGGYEQYF
CAGGDDKIIF,CASSLPAAGYGYTF
CAGGDDKIIF,CASSPGLAYEQYF
CAGGDSTLTF,CASSQEGTSRPQHF
CAGNDYKLSF,CATSGGGAYEQYF
CAGPGTNAGKSTF,CASSTRSSYEQYF
CAGPLDSNYQLIW,CATSESRGGGYGYTF
CAGPYNYGQNFVF,CASSGQGAYGYTF
CAGSASKIIF,CASSPGTSGAYEQYF
CAGSASKIIF,CASSYSGGGNQPQHF
CAGSNARLMF,CASSNQGASAYGYTF
CAGVPYNNNDMRF,CASGTGTPYNEQFF
CAGYMDTGRRALTF,CATSSASSYEQYF
CAKSASKIIF,CASSEALGSTSYEQYF
CALAPDKLIF,CASSSQGLSTEAFF
CALDPFTGGGNKLTF,CSASGDRGADTQYF
CALKDYGQNFVF,CASSLYPGTAEGGYTF
CALNDDKIIF,CASGTEIFYYEQYF
CALNTGGFKTIF,CASSLFPDNYGYTF
CALSGGYNKLIF,CASSPTGQGAHGYTF
CALTGGKLIF,CASSQGGDGYGYTF
CALTPDYKLSF,CASSRQGGYGYTF
CALWGFQKLVF,CASSPAGQGAGTGELFF
CAMRADKAAGNKLTF,CASSGQGGYEQYF
CAMSGGKLIF,CATSRASGSYEQYF
CAPSGGKLIF,CSASGDRGADTQYF
CARRGAAGNKLTF,CASSPSAGDYEQYF
CASEDDKIIF,CSGGLKADTQYF
CASGDDKIIF,CASSAGQGYEQYF
CASSDSRGTEAFF,CASSDSRGTEAFF
CATDAQTGANNLFF,CASSLYPLGFGYTF
CATDATRDDKIIF,CASSLGGAPYNEQFF
CATDDQGAQKLVF,CASSVGGVPYNEQFF
CATDHQGAQKLVF,CASSVGGVPYNEQFF
CATDPNTGGFKTIF,CASSYPNQPQHF
CATDRWDSNYQLIW,CASSFPNQPQHF
CATDSLSYNTDKLIF,CASSAYNEQFF
CATGDDKIIF,CSVPTSGGSNEQFF
CATSGTYKYIF,CATSRAGAYEQYF
CAVAAYKYIF,CASSGGQAYEQYF
CAVDEIKAAGNKLTF,CASSLGAYNSPLHF
CAVDMEYGNKLVF,CASSQGGYGYTF
CAVDSGNTPLVF,CASSPRQGNDEQYF
CAVDSTDKLIF,CASSLGGASYEQYF
CAVEDDKIIF,CASSVKAGGNEQYF
CAVEGGKLIF,CSVEGRGTDTQYF
CAVEPVGGNTPLVF,CASTPGQALNEQYF
CAVGADGLTF,CASSNGQNAYEQYF
CAVGAPTNDYKLSF,CASSPGTGAYEQYF
CAVGAQKLVF,CAISEVLTGAYGYTF
CAVGASKIIF,CASSIAPSGVAYEQYF
CAVGDDKIIF,CAISESPSGALGQFF
CAVGDDKIIF,CASSPGTGAYEQYF
CAVGDDKIIF,CASSPQGAYGYTF
CAVGDDKIIF,CASSSRTGDTQYF
CAVGDDKIIF,CASSYVRASYGYTF
CAVGDDKIIF,CSAPASGGGNEQFF
CAVGDDKIIF,CSAPLAGGHNEQFF
CAVGDDKIIF,CSAPTSGGHNEQFF
CAVGDDKIIF,CSAPTSGGSNEQFF
CAVGGGKLIF,CASSEAVLGGNSYEQYF
CAVGGGKLIF,CASSTGATGSNNEQFF
CAVGGGKLIF,CSAAGDRGADTQYF
CAVGNYQLIW,CASSDLAGGTDTQYF
CAVGTYKYIF,CSATEAGGPGNEQFF
CAVIAGKSTF,CSVATSGGSNEQFF
CAVIGDKIIF,CASSLGSTGTYEQYF
CAVKDDKIIF,CASTGTGGFSYNEQFF
CAVKGDDKIIF,CASSFYGREAFF
CAVMDDKIIF,CASSAAGNQPQHF
CAVMDDKIIF,CASSQEVAYEQYF
CAVNADGQKLLF,CASSHGQGAYEQYF
CAVNADGQKLLF,CAVGAGATYEQYF
CAVNAGKSTF,CASSPGTVAYEQYF
CAVNAPTDSWGKLQF,CASSKQGESNSPLHF
CAVNARAGGTSYGKLTF,CASSLGGASYEQYF
CAVNDYKLSF,CASSPNSAGGTEAFF
CAVNEQSSGSARQLTF,CASSYSEQGYGYTF
CAVNGDGQKLLF,CAWGYQITGSAYGYTF
CAVNGDTDKLIF,CASSPSGGAYGYTF
CAVNGNQFYF,CASSPQTGAVTEAFF
CAVNNARLMF,CASSLKGNTEAFF
CAVNNARLMF,CASSLKLNTEAFF
CAVNNARLMF,CASSSTQGAAYGYTF
CAVNPDGKLIF,CSVPSRGYAGELFF
CAVNPETSYDKVIF,CSASEAGGSYEQYF
CAVNQGGKLIF,CASTPSPSRPPLF
CAVNRDDKIIF,CATTGGSGYEQYF
CAVNSDGQKLLF,CASSGQGGYEQYF
CAVNSDKLIF,CSVSGERGTDTQYF
CAVNTDKLIF,CSVDRRADEQFF
CAVQADYGGATNKLIF,CASSLASGGALYNEQFF
CAVRAYYGGSQGNLIF,CASSQEAGGGTGELFF
CAVRDDKIIF,CSGGDGNTIYF
CAVRTYNYGQNFVF,CASSLEGQGAPGQPQHF
CAVSASKIIF,CASNTGTDSYEQYF
CAVSASKIIF,CASSDQTGDAYEQYF
CAVSDDKIIF,CASSDKFAGNPQPQHF
CAVSDDKIIF,CASSPAGVSYEQYF
CAVSDDKIIF,CASSPGPTSYEQYF
CAVSDYKLSF,CASSSSGTAYGYTF
CAVSDYKLSF,CSVGGGGAGVETQYF
CAVSGDDMRF,CASSAGTVSYEQYF
CAVSGDKIIF,CASSSGSPGSYGYTF
CAVSGGKLIF,CASSPQGFSYEQYF
CAVSGGKSTF,CSVQRRADEQFF
CAVSGNKLVF,CASSPAAGGAYEQYF
CAVSGQKLLF,CSASDNMVGAYEQYF
CAVSGSARQLTF,CASSVATEGYEQYF
CAVSGSASKIIF,CASSQGPAAYEQYF
CAVSGTYKYIF,CASSQGTSGNEQFF
CAVSGYSTLTF,CASSAQGAYGYTF
CAVSNARLMF,CATSRATSNQPQHF
CAVSPDKLIF,CASSPSAGPGYGYTF
CAVSPHKVIF,CASSSGTVSYEQYF
CAVSSDKIIF,CSASLKADEQFF
CAVSSNDYKLSF,CASSETGQPQHF
CAVSSTDKLIF,CSAPLAGGPNEQFF
CAVSTDKLIF,CASSLKLAGTDTQYF
CAVSTDKLIF,CASSPGGVSYGYTF
CAVSTDKLIF,CASSQTGTGAYEQYF
CAVSTDSGSARQLTF,CASSPGLGTYEQYF
CAVTASKLTF,CASSAGQESYEQYF
CAVTDDKIIF,CASSETGTQAYEQYF
CAVTGDDKIIF,CASSGQGAYGYTF
CAVTGDDKIIF,CASSPSGGAYGYTF
CAVTGDDKIIF,CASSSQGAYGYTF
CAVTGDDKIIF,CASTRQGAYEQYF
CAVTGDKIIF,CASSGGTSGAYEQYF
CAVTGDKLIF,CALSDLGGSGNTGKLIF
CAVTGDQFYF,CASSPGHAYEQYF
CAVTGNEKLTF,CASSYSSSGGAYEQYF
CAVTGNTDKLIF,CASSSAGAAYEQYF
CAVTGTYKYIF,CASSRSGNYGYTF
CAVTGYALNF,CASRPGQGYEQYF
CAVTGYSTLTF,CASSGQGAYEQYF
CAVTGYSTLTF,CASSGQGAYGYTF
CAVTGYSTLTF,CASSQAGAYEQYF
CAVTKGLTGGGNKLTF,CASSGRDRQNTEAFF
CAVTPDDKIIF,CASSTGTAAYEQYF
CAVTRISSGSARQLTF,CSASEAGGSYEQYF
CAVTRNNDMRF,CASSWGGAYEQYF
CAVTSARLMF,CASSAQGDSYEQYF
CAVTSDKLIF,CASSAGTGAYEQYF
CAVTTDKLIF,CASSVAGGAYEQYF
CAVVDPSDGYNKLIF,CASSAGGTPDQPQHF
CAVVPNTGNQFYF,CATSGGTSYEQFF
CAYSTDSWGKLQF,CASSQGQLNQPQHF
CILRDGWVTGYKYIF,CANNCGFF
CIVREWDNYGQNFVF,CASSQVAKMAKDNYGYTF
CIVSPEYGNKLVF,CASSPGLAYEQYF
CLVGDNLDSSYKLIF,CATTGGSGYEQYF
CLVGSPFPTSGTYKYIF,CASSVAPGRDGYTF
CVGAGSYQLTF,CASSGTGVSPLHF
CVVADSKLTF,CSVTGERGTDTQYF
CVVEGDKVIF,CASSHSGYEQFF
CVVGDDKIIF,CASSGGTADTQYF
CVVGDDKIIF,CASSPAGAYGYTF
CVVHQWGNLIF,CSVVLVDRGADTQYF
CVVIHDKIIF,CASSPGTAYEQYF
CVVNAHDMRF,CATSSGTGAYEQYF
CVVNEKEGNMLTF,CSVGEGLAYEQYF
CVVNTDKLIF,CASSGSSGYEQYF
CVVSAESGYSTLTF,CASSQLGNEQFF
CVVSDYKLSF,CASTPGTGAYEQYF
CVVSGFKTIF,CASSDTDRGIYGYTF
CVVSGSYIPTF,CASSPTGPAYEQYF
CVVSSVRGSYIPTF,CASSVDGGGGGYNEQFF
CVVSVGVLYSTLTF,CASSSGRTEHNEQFF
CVVTDDKIIF,CASNGGLAYEQYF
CARNTGNQFYF,CASSYVTGTGSYGYTGF
CAYPYNNNDMRF,CASSLEGYTEAFF
CAEYTGTASKLTF,CACSLRSQGTDTQYF
CAVDIETSGSRLTF,CASSELGGAGTGELFF
CAVYFGNVLHC,CASSFLQVTEAFF
CAGPRQTSYDKVIF,CASSSANYGYTF
CAGPRKTSYDKVIF,CASSSANYGYTF
CAGPMKTSYDKVIF,CASSSAHYGYTF
CAGPEKTSYDKVIF,CASSSANYGYTF
CAVYGTASKLTF,CSAFSGAAFVTDTQYF
CAEISPSGGSYIPTF,CATSDLKVHSGNYGYTF
CAGPMKTSYDKVIF,CASSSAFYGYTF
CATKNTGNQFYF,CASSVGLPYEQYF
CAFIAGNQFYF,CASSLFVGGPGNEQFF
CAVAFGNQFYF,CASTGTSGALYNEQFF
CARNTGNQFYF,CASSYQTGAGGYGYTGF
CAEYTGTASKLTF,CAWSSRDSMTDTQYF
CAERLQTGANNLFF,CASSPPAGSYNEQFF
CILLGTGANNLFF,CASSPKLQGAWAEKLFF
CAMRVPRAQGGSEKLVF,CASSQDPFAVLNTEAFF
CARNTGNQFYF,CASSFQTGASYGYTF
CAPYTGTASKLTF,CAWSSRGQMTDTQYF
CAKNTGNQFYF,CASSPQTGTIYGYTGF
CAFPYNNNDMRF,CASSLEGYTEAFF
CARNTGNQFYF,CASSPVTGGIYGYTGF
CARNTGNQFYF,CASSETGATNYGYTGF
CILDNNNDMRF,CASSLAPGATNEKLFF
CAGNTGNQFYF,CASSLQTGATFNYGYTF
CILSPNNDMRF,CAWSVSDLAKNIQYF
CAARSNFGNEKLTF,CASSAWDRSSGANVLTF
CARQDGNQFYF,CASSPVAGGAYNEQFF
CAVRIDYKLSF,CASSYSTGAGETQYF
CAVYYGQNFVF,CASSFQGYTEAFF
CATDAPGGYQKVTF,CASSPWTGTLNTEAFF
CAPPSNTGFQKLVF,CASSPWTGTLNTEAFF
CARNTGNQFYF,CASSPVTGGIYGYTGF
CARNTGNQFYF,CASSPVTGGIYGYTGF
CARNTGNQFYF,CASSETGATNYGYTGF
CARNTGNQFYF,CASSETGATNYGYTGF
CILPLWLTF,CASSLEGYTEAFF
CAKNTGNQFYF,CASSPQTGTIYGYTGF
CAFPYNNNDMRF,CASSLEGYTEAFF
CAFPYNNNDMRF,CASSLEGYTEAFF
CAPYTGTASKLTF,CAWSSRGQMTDTQYF
CAVRDGTANNLFF,CASSISSTGELFF
CAFMKDAGGTSYGKLTF,CASSIGVYGYTF
CAGGGSQGNLIF,CASSIRSSYEQYF
CALAGSQGNLIF,CASSIRASYEQYF
CAGADGGSQGNLIF,CASSGRAAGELFF
CAAGGSQGNLIF,CASSVRSSYEQYF
CAAPPSNTGKLIF,CASSTRAADTQYF
CAVRDLLTNAGKSTF,CASSGTSGTEQYF
CAENMGGGSQGNLIF,CASSIRAGETQYF
CAMRDGGGSQGNLIF,CASSIRSGAEQYF
CAVAPTGNVLHC,CASSIRSTGELFF
CAGAGSQGNLIF,CASSVRSSYEQYF
CAGGLGGGSQGNLIF,CASSIRAAYEQYF
CAGADGGSQGNLIF,CASSISSTGELFF
CAGGGSSNTGKLIF,CASSIRSSYEQYF
CGTGGSQGNLIF,CASSVRSADTQYF
CAFMINAGGTSYGKLTF,CASSIGSYGYTF
CAYGTNAGGTSYGKLTF,CASSIGVYGYTF
CAGPTHDMNYGGSQGNLIF,CASSIHSTDTQYF
CALSEVSNAGGTSYGKLTF,CASSVDGGGLDEQFF
CALFGGYNQGGKLIF,CASSTSGGGTEAFF
CAGGGSSNTGKLIF,CASSIRSAYEQYF
CAVRDGTGANNLFF,CASSGTSVHEQYF
CAVGGSQGNLIF,CASSIRSSYEQYF
CAGAQGSSNTGKLIF,CASSIRSAYEQFF
CAGAVGSSNTGKLIF,CASSIRSSYEQYF
CAGASSSSNTGKLIF,CASSIRSAYEQYF
CAAGGSQGNLIF,CASSIRSSYEQYF
CGTEEGGGSQGNLIF,CASSSRSTDTQYF
CAGRPEVDSQGNLIF,CASSIFSVSNEQYF
CAFMKDAGGTSYGKLTF,CASSIGVYGYTF
CAGGGSQGNLIF,CASSIRSSYEQYF
CAVRDGTANNLFF,CASSISSTGELFF
CAGAEGGSQGNLIF,CASSIRSTGELFF
CAGAEGGSQGNLIF,CASSGRSTGELFF
CAGGGSQGNLIF,CASSTRSSYEQYF
LKENTGFQKLVF,CASSGTGAGEQYF
CAENRGGGSQGNLIF,CASSQRASYEQYF
CALIITSGTYKYIF,CASSVGQPQHF
CAGSSGGSQGNLIF,CASSIRSTNEQFF
CAGSYGGSQGNLIF,CASSVRSSGEQFF
CAGPDGSSNTGKLIF,CASSLIFPGRAFF
CAFMVNAGGTSYGKLTF,CASSIGSYGYTF
CAYSPASGGTSYGKLTF,CASSIGLYGYTF
CAEDNNARLMF,CSARVGVGNTIYF
CAEDFNARLMF,CSARTGVGNTIYF
CAEDNNARLMF,CSARDRTGNGYTF
CAEDNNARLMF,CSARDGTGNGYTF
CAEDKDARLMF,CSARDRIGNTIYF
CALYSNSGYALNF,CASRPDSDYGYTF
CADGSGTTDSWGKLQF,CASSQNQDMGTEAFF
CAEDSNARLMF,CSARSGVGNTIYF
CAEDQNARLMF,CSARWGVGNTIYF
CALDSTYSSASKIIF,CSARDRTGNGYTF
CAVGASRDYKLSF,CASSFSSGTTDTQYF
CAYGGSQGNLIF,CASSQGDVAPGTQYF
CAEVSGTYKYIF,CSAWDREVVGTEAFF
CAELGQKLLF,CASSQSPGGTQYF
CAESTGKLIF,CSVGTGGTNEKLFF
CAEDNNARLMF,CSARIGVGNTIYF
CADPIEDAGNMLTF,CASSDGQLTAGELFF
CAATDNTDKLIF,CASSRLGDYTF
CAGQSNAGGTSYGKLTF,CSVEDGYEQYF
CAPMDSNYQLIW,CASSNSEGSGANVLTF
CALPYNAGNNRKLIW,CASSPLYVALREQYF
CAEIHYGGSQGNLIF,CASTSGNTGELFF
CASLSGSARQLTF,CASSPTVAGEQFF
CAVDILTGGGNKLTF,CASNPLSAGNQPQHF
CAVPGNYGQNFVF,CASSEDQGLTATYEQYF
CAVGSYNTDKLIF,CSARVPDSNTGELFF
CAVSDSYNDMRF,CASSSPRTGYNYGYTF
CAENAGNMLTF,CASSPTSGGNNEQFF
CLVGLYGGATNKLIF,CASSQDRGVLVLIDQPQHF
CAVSRSYNTDKLIF,CSARTEGAEAFF
CAVNGDSWGKFQF,CASSYWTGSSAETQYF
CAVQAWFSGGYNKLIF,CSARTSGDFGEQFF
CLVGAGNMLTF,CASSQGGQGAPYEQYF
CAESGGSQGNLIF,CASSQAENTEAFF
CAVSSLMDTGRRALTF,CASSLLGLAGVGELFF
CAMREDAGGTSYGKLTF,CASSLTGTGFKQFF
CILRDLDGGTSYGKLTF,CASSLTLAGGIGTDTQYF
CPFQTGANNLFF,CASSLGTGAPYEQYF
CLVGAPGPGNTPLVF,CATSNLDSFGGYTF
CLVGDNNNDMRF,CASSLSTGAPYEQYF
CAYRSPLSGGGADGLTF,CASSLGPPPDNEQFF
CAYTSGTYKYIF,CATSPGQGFYNEQFF
CLKAGGFKTIF,CASRLLAGAYEQYF
CAVGAGTNAGKSTF,CASSQESGTEAFF
CAVADPREYGNKLVF,CASNRENEKLFF
CAESGGYQKVTF,CASSQEKGTEAFF
CLVGVPVGAGSYQLTF,CASTTGSSEKLFF
CLVVGDNYGQNFVF,CATSTTFQTDYAEPYGYTF
CAASARGNQGGKLIF,CASSVDEGNTGELFF
CAYRSATFSGGGADGLTF,CASSRPVGLFNYGYTF
CLVGEGDTGGFKTIF,CASSQVQTEPSGYTF
CLVGGGADGLTF,CASSQEVTVPTYEQYF
CLDSNDMRF,CASSQAQSGTAPYEQYF
CAMREFTSGTYKYIF,CASSLTLGLAGVETQYF
CLVGSPNDYKLSF,CASSSPSGRPTLYNEQFF
CAYSGIKAAGNKLTF,CATSRDPQYQPQHF
CATETSNYQLIW,CASSPGTAPNEKLFF
CAVGDNFNKFYF,CASSRTSATGELFF
CAVGDNFNKFYF,CASSLASATGELFF
CAVGDNFNKFYF,CASSVTSATGELFF
CAVGDNFNKFYF,CASSPTSAAGELFF
CAVGDNFNKFYF,CASSLTSATGELFF
CAVGDNFNKFYF,CASSLTSAAGELFF
CAVSDITYKYIF,CATGPRANTGELFF
CAVGDNFNKFYF,CASSRTSATGELFF
CAVGDNFNKFYF,CASSLTSATGELFF
CAVSGYNAGNMLTF,CASSVAESPGYPPLVTEAFF
CAVNFAGGGADGLTF,CASSESAGGYYNEQFF
CAGHAGNQFYF,CASSFGSGSSYGYTF
CAASTNAGNNRKLIW,CSASLYGRGQPQHF
CALIQGAQKLVF,CASSLEPGRNEKLFF
CAVFYSGGSNYKLTF,CASSVGDGGANTQYF
CAGQLRNNLFF,CASTTGGATGYTF
CALMVYGGSQGNLIF,CASSWGGAAQFF
CATDDDSARQLTF,CASSLTGGGELFF
CATDDDSARQLTF,CASSLTGGGELFF
CVVSERAGGYQKVTF,CATSDLQGVRGVNEQFF
CATDDDSARQLTF,CASSLTGGGKLFF
CAAQRANRDDKIIF,CASSPPGGRADTQYF
CAVSRGGSNYKLTF,CASSSGRGGEQYF
CAVSEGGATNKLIF,CASSSGRGGEQYF
CATDDDSARQLTF,CASSLTGGGKLFF
CATDDDSARQLTF,CASSLTGGGKLFF
CATDEAGRRALTF,CASSLTGGNTIYF
CATDDDSARQLTF,CASSLTGGGELFF
CAVTHHGQKLLF,CASSSNPIVPQETQYF
CAVTHHGQKLLF,CASSRGAESYNSPLHF
CATDEDSARQLTF,CASSLTGGGELFF
CATDVAGRRALTF,CASSSTGGNTIYF
CATDEDSARQLTF,CASSLTGGARARLFF
CAERTGGGNKLTF,CASRKWNGELFF
CAMRGPNRDDKIIF,CASSRRGEGHNEQFF
CAVQDLGTSGSRLTF,CASSARSGELFF
CAVQDLGTSGSRLTF,CASSARSGELFF
CAVQDLQTSGSRLTF,CASSAPTGELFF
CAVQSLETSGSRLTF,CASSARTGELFF
CAVRDGGTGFQKLVF,CASRQDRDYQETQYF
CAARGIGSGTYKYIF,CASSARSGELFF
CAARGIGSGTYKYIF,CASSARSGELFF
CAAAASGGSYIPTF,CASGTGDSNQPQHF
CAVQASGGSYIPTF,CATGTGDSNQPQHF
CAVAASGGSYIPTF,CAISTGDSNQPQHF
CAVRDSGGSYIPTF,CASSTGDSNQPQHF
CAVRDFLLSGGYNKLIF,CASSLIGRDEQFF
CAVRDLLRSGGYNKLIF,CASAQIGPYEQYF
CAVANQAGTALIF,CANSQPGGIEQFF
CAVRGRYTDKLIF,CASSLVVAGGPMSEQFF
CAMREGGGGSNYKLTF,CASSFYDWNTEAFF
CAEKRPTDKLIF,CASSEVGVFEAFF
CAYRSSFDMRF,CASSLGVNTEAFF
CAVMDSSYKLIF,CASSDGDHSYEQYF
CAGYYNTDKLIF,CASSQVGPGETQYF
CAVQANQAGTALIF,CGGGYMGTEAFF
CLVVSARQLTF,CASASGGFGDEQYF
CALSYLGLQAGTALIF,CASSQDPWAGSAFF
CAVRSEGGSNYKLTF,CASSFPSRGANYGYTF
CVVNMIMNTGFQKLVF,CAWSVTSTGGTEAFF
CLVGPFMRF,CASSQDPDTQYF
CLIPGVSGNTPLVF,CATSVTGDPNTEAFF
CAVMDSSYKLIF,CASSAGTSPTDTQYF
CAASDPNSGYALNF,CASSQVGPNEKLFF
CAVNARNQGGKLIF,CASSQGGPVGNQPQHF
CLVGDGKAGTALIF,CASSLVPSDQETQYF
CAVGERDSNYQLIW,CASSELEAYGYTF
CAVHPNQAGTALIF,CASSPGTDYGYTF
CAFMGGAGNMLTF,CASSLGGYGYTF
CAAMDSNYQLIW,CASNEDSNYGYTF
CAYRSPYSGGGADGLTF,CATSDLGLAGDTQYF
CAGLKAAGNKLTF,CSFRDLSSYNEQFF
CLVGDGSGYSTLTF,CASSPALGDQETQYF
CLVGDLGNTGFQKLVF,CSVEEGLQTGELFF
CAALANQAGTALIF,CASSLEGDTEAFF
CAHRSAGGGTSYGKLTF,CASSEFQGDNEQFF
CAVDNARLMF,CASSDGSFNEQFF
CAERIRKGQVLTGGGNKLTF,CASSVGDLLTGELFF
CVVTSAGSQGNLIF,CATSDLEGWTQYF
CILTHSNSGYALNF,CASSEVADYNEQFF
CAVGPGSNNDMRF,CSATRLAGGPTDTQYF
CLVGDGAGYSTLTF,CASSVALGNQETQYF
CAVKVSNQFYF,CSAEQGNTEAFF
CAYRSAGGGTSYGKLTF,CASSPGTGGNEQYF
CATDAARQLTF,CASSLDLPGPEGETQYF
CAVETGGFKTIF,CASSQEPSGMVSRDNEQFF
CAVKYGNKLVF,CSAEDGNSPLHF
CVVNANSGNTPLVF,CAWSPAGLAMYEQYF
CVVNTDSWGKLQF,CASSTGTGGPSGTGELFF
CAVKKGQNFVF,CSAESGNTEAFF
CLVGDGSGYSTLTF,CASSSTAADEQFF
CAVGYGNKLVF,CATSSEATGVGETQYF
CLVDPLAAGGYNKLIF,CASSSRVGDTGELFF
CLVGDLINSGGYNKLIF,CASSSPSGVYNEQFF
CAGHHYGGSQGNLIF,CASTPGGAGDEQYF
CAVSPTLTF,CASSSGGDERYTGELFF
CLVGDIAAGGYQKVTF,CSARDRREEKLFF
CLVGDGVGGSYIPTF,CASSQVASDQETQYF
CAENKGQGFSFIF,CASSQGGRTGELFF
CAANSGGSYIPTF,CASSDSAGELFF
CLVGDHSGTYKYIF,CASNPVIGDEQYF
CAEILMDSNYQLIW,CASSLAGGLAGPSYEQYF
CLVGGNFNKFYF,CASSDLAGTSGTNTYEQYF
CALIYNTDKLIF,CASSVNPAQGSGANVLTF
CVVNVLLNSGYSTLTF,CASSSIGVAGEETQYF
CLVGDASGTYKYIF,CASSQSPTGAIHEQYF
CALSGYNKLIF,CASSDSAGELFF
CLVGDGSGYSTLTF,CASSQVASNQETQYF
CVVNVGYGGSQGNLIF,CASSSLIQANTEAFF
CAVKWSGQNFVF,CSAETGNTEQFF
CLVGGGSQGNLIF,CASNDPPGATNNEQFF
CALKGNTGTASKLTF,CASSVELSTDTQYF
CAPKDGQKLLF,CSAETGNTEAFF
CLVGDVPSGGYQKVTF,CSARDRGDEKLFF
CLVGDHTGGFKTIF,CASSTPGDEQYF
CLVGDMPSGGYQKVTF,CSARDRGDEKLFF
CVVNPPPDDYKLSF,CASSESPIGDEPLHF
CAVKYGQKLLF,CASSEITTARNQYEQYF
CAASAISGNTPLVF,CASSQVGTTLETQYF
CVVNRVENSGYSTLTF,CASSGNEQDLQPQHF
CILNRDDKIIF,CSALYPLAGPGNEQFF
CATGPIYGGSQGNLIF,CASSLIFRDGEKLFF
CATYDMRF,CSADNVAGGPGSEQFF
CAVSLDGQKLLF,CASSPGTPTDTQYF
CAVKRSASKIIF,CSGETGNTEAFF
CATGPIYGGSQGNLIF,CSASQDPYEQYF
CAGQTTSNTGKLIF,CSASQDPYEQYF
CAVNGNNDMRF,CSASQDPYEQYF
CLVGLFSDGQKLLF,CASSETTGPAYEQYF
CAVSSNTGKLIF,CASSASRVGEDTQYF
CAVETGGFKTIF,CASSEPRDEQFF
CAASIRGSQGNLIF,CASSFLGPEGEKLFF
CILNRDDKIIF,CSALYPLAGPGNEQFF
CAASPRNNDMRF,CASSQEGAGADEQFF
CALSNTGGFKTIF,CASSVDLKAGEEGEQFF
CALSEAGMDSNYQLIW,CASSLVNGLGYTF
CALSEAGMDSNYQLIW,CASSLVNGLGYTF
CALSEAGMDSNYQLIW,CASSLVNGLGYTF
CALSEAGMDSNYQLIW,CASSLVNGLGYTF
CALSEAGMDSNYQLIW,CASSLVNGLGYTF
CALSEARGGATNKLIF,CASSRDTVNTEAFF
CALSEARGGATNKLIF,CASSRDTVNTEAFF
CALSEARGGATNKLIF,CASSRDTVNTEAFF
CALSEARGGATNKLIF,CASSRDTVNTEAFF
CALSEARGGATNKLIF,CASSRDTVNTEAFF
CALSEARGGATNKLIF,CASSRDTVNTEAFF
CALSEARGGATNKLIF,CASSRDTVNTEAFF
CALSEARGGATNKLIF,CASSRDTVNTEAFF
CALSEARGGATNKLIF,CASSRDTVNTEAFF
CALSEARGGATNKLIF,CASSRDTVNTEAFF
CALSEARGGATNKLIF,CASSRDFVSNEQYF
CALSEARGGATNKLIF,CASSRDFVSNEQYF
CALSEARGGATNKLIF,CASSRDFVSNEQYF
CALSEARGGATNKLIF,CASSRDFVSNEQYF
CALSEARGGATNKLIF,CASSRDFVSNEQYF
CALSEARGGATNKLIF,CASSRDFVSNEQYF
CALSSRGSTLGRLYF,CASSPSGLAGSNLGNEQFF
CALSSRGSTLGRLYF,CASSPSGLAGSNLGNEQFF
CALSSRGSTLGRLYF,CASSPSGLAGSNLGNEQFF
CALSSRGSTLGRLYF,CASSPSGLAGSNLGNEQFF
CALSSRGSTLGRLYF,CASSPSGLAGSNLGNEQFF
CALSSRGSTLGRLYF,CASSPSGLAGSNLGNEQFF
CALSSRGSTLGRLYF,CASSPSGLAGSNLGNEQFF
CALSSRGSTLGRLYF,CASSPSGLAGSNLGNEQFF
CALSSRGSTLGRLYF,CASSPSGLAGSNLGNEQFF
CALSSRGSTLGRLYF,CASSPSGLAGSNLGNEQFF
CALSSRGSTLGRLYF,CASSPSGLAGSNLGNEQFF
CALSSRGSTLGRLYF,CASSPSGLAGSNLGNEQFF