gene,cdr3
TRAJ3,GYSSASKIIF
TRAJ4,FSGGYNKLIF
TRAJ5,DTGRRALTF
TRAJ6,ASGGSYIPTF
TRAJ7,DYGNNRLAF
TRAJ8,NTGFQKLVF
TRAJ9,GNTGGFKTIF
TRAJ10,ILTGGGNKLTF
TRAJ11,NSGYSTLTF
TRAJ12,MDSSYKLIF
TRAJ13,NSGGYQKVTF
TRAJ14,IYSTFIF
TRAJ15,NQAGTALIF
TRAJ16,FSDGQKLLF
TRAJ17,IKAAGNKLTF
TRAJ18,DRGSTLGRLYF
TRAJ20,SNDYKLSF
TRAJ21,YNFNKFYF
TRAJ22,SSGSARQLTF
TRAJ23,IYNQGGKLIF
TRAJ24,TTDSWGKFEF
TRAJ26,DNYGQNFVF
TRAJ27,NTNAGKSTF
TRAJ28,YSGAGSYQLTF
TRAJ29,NSGNTPLVF
TRAJ30,NRDDKIIF
TRAJ31,NNNARLMF
TRAJ32,NYGGATNKLIF
TRAJ33,DSNYQLIW
TRAJ34,SYNTDKLIF
TRAJ35,IGFGNVLHC
TRAJ36,QTGANNLFF
TRAJ37,GSGNTGKLIF
TRAJ38,NAGNNRKLIW
TRAJ39,NNNAGNMLTF
TRAJ40,TTSGTYKYIF
TRAJ41,NSNSGYALNF
TRAJ42,NYGGSQGNLIF
TRAJ43,NNNDMRF
TRAJ44,NTGTASKLTF
TRAJ45,YSGGGADGLTF
TRAJ46,KKSSGDKLTF
TRAJ47,EYGNKLVF
TRAJ48,SNFGNEKLTF
TRAJ49,NTGNQFYF
TRAJ50,KTSYDKVIF
TRAJ52,NAGGTSYGKLTF
TRAJ53,NSGGSNYKLTF
TRAJ54,IQGAQKLVF
TRAJ56,YTGANSKLTF
TRAJ57,TQGGSEKLVF